ship_id,arrival_time,departure_time,cargo_weight,crane_id,operation_time
SHIP_1,2024-11-28 05:22:14.250620,2024-11-28 10:22:14.250620,4517.53,CRANE_1,183.94
SHIP_2,2024-12-07 02:13:59.250620,2024-12-07 03:13:59.250620,1880.56,CRANE_2,208.58
SHIP_3,2024-12-08 11:56:52.250620,2024-12-08 19:56:52.250620,4382.98,CRANE_3,95.11
SHIP_4,2024-11-29 09:45:56.250620,2024-11-29 20:45:56.250620,3478.48,CRANE_4,74.0
SHIP_5,2024-11-23 04:00:44.250620,2024-11-23 13:00:44.250620,4592.17,CRANE_5,188.64
SHIP_6,2024-12-09 10:49:51.250620,2024-12-09 12:49:51.250620,4101.8,CRANE_6,93.94
SHIP_7,2024-11-13 15:17:38.250620,2024-11-13 20:17:38.250620,3773.99,CRANE_1,131.04
SHIP_8,2024-12-01 15:54:12.250620,2024-12-02 02:54:12.250620,3839.19,CRANE_2,179.32
SHIP_9,2024-11-25 20:49:36.250620,2024-11-26 04:49:36.250620,2282.06,CRANE_3,146.93
SHIP_10,2024-11-26 08:28:15.250620,2024-11-26 13:28:15.250620,1775.14,CRANE_4,136.44
SHIP_11,2024-12-04 07:36:45.250620,2024-12-04 10:36:45.250620,4416.5,CRANE_5,165.61
SHIP_12,2024-12-05 23:42:30.250620,2024-12-06 02:42:30.250620,4990.88,CRANE_6,105.83
SHIP_1,2024-11-15 22:36:42.250620,2024-11-16 01:36:42.250620,3695.63,CRANE_1,87.14
SHIP_2,2024-12-03 14:12:28.250620,2024-12-03 23:12:28.250620,1017.16,CRANE_2,206.59
SHIP_3,2024-11-21 18:11:23.250620,2024-11-22 05:11:23.250620,2549.74,CRANE_3,132.66
SHIP_4,2024-12-08 22:14:32.250620,2024-12-09 03:14:32.250620,4664.25,CRANE_4,146.49
SHIP_5,2024-11-12 08:49:03.250620,2024-11-12 14:49:03.250620,4789.95,CRANE_5,202.82
SHIP_6,2024-11-18 12:46:23.250620,2024-11-18 13:46:23.250620,3955.16,CRANE_6,68.77
SHIP_7,2024-12-04 21:55:07.250620,2024-12-05 04:55:07.250620,2925.73,CRANE_1,194.38
SHIP_8,2024-11-12 00:11:16.250620,2024-11-12 01:11:16.250620,1687.39,CRANE_2,206.19
SHIP_9,2024-12-06 16:10:56.250620,2024-12-07 02:10:56.250620,1270.72,CRANE_3,128.94
SHIP_10,2024-11-19 04:03:47.250620,2024-11-19 15:03:47.250620,2734.57,CRANE_4,153.54
SHIP_11,2024-11-25 09:19:03.250620,2024-11-25 11:19:03.250620,4748.14,CRANE_5,211.86
SHIP_12,2024-11-24 00:14:35.250620,2024-11-24 02:14:35.250620,2975.92,CRANE_6,87.37
SHIP_1,2024-12-09 18:10:36.250620,2024-12-10 04:10:36.250620,1018.5,CRANE_1,165.83
SHIP_2,2024-12-10 02:47:57.250620,2024-12-10 11:47:57.250620,2665.73,CRANE_2,231.93
SHIP_3,2024-12-01 10:18:51.250620,2024-12-01 18:18:51.250620,3495.73,CRANE_3,183.02
SHIP_4,2024-11-14 07:13:36.250620,2024-11-14 09:13:36.250620,2247.63,CRANE_4,172.88
SHIP_5,2024-11-14 19:44:57.250620,2024-11-15 01:44:57.250620,2474.71,CRANE_5,194.0
SHIP_6,2024-11-16 08:17:28.250620,2024-11-16 13:17:28.250620,4054.22,CRANE_6,166.26
SHIP_7,2024-11-26 10:19:50.250620,2024-11-26 14:19:50.250620,2707.28,CRANE_1,117.87
SHIP_8,2024-11-18 16:36:01.250620,2024-11-19 01:36:01.250620,1219.38,CRANE_2,163.04
SHIP_9,2024-11-20 12:21:29.250620,2024-11-20 16:21:29.250620,4331.68,CRANE_3,85.69
SHIP_10,2024-12-03 15:56:27.250620,2024-12-03 19:56:27.250620,3374.89,CRANE_4,136.4
SHIP_11,2024-11-23 03:47:36.250620,2024-11-23 13:47:36.250620,3143.44,CRANE_5,181.97
SHIP_12,2024-11-17 10:59:03.250620,2024-11-17 18:59:03.250620,3346.01,CRANE_6,161.66
SHIP_1,2024-11-20 20:32:43.250620,2024-11-21 04:32:43.250620,4490.54,CRANE_1,102.31
SHIP_2,2024-11-14 00:56:44.250620,2024-11-14 03:56:44.250620,3699.6,CRANE_2,88.45
SHIP_3,2024-11-23 16:38:00.250620,2024-11-23 19:38:00.250620,1872.18,CRANE_3,135.11
SHIP_4,2024-11-12 13:51:17.250620,2024-11-12 22:51:17.250620,4718.56,CRANE_4,81.04
SHIP_5,2024-12-09 13:03:19.250620,2024-12-09 20:03:19.250620,2255.0,CRANE_5,188.11
SHIP_6,2024-11-24 18:03:08.251646,2024-11-24 23:03:08.251646,3664.26,CRANE_6,181.01
SHIP_7,2024-11-13 16:49:21.251646,2024-11-13 19:49:21.251646,3384.63,CRANE_1,80.25
SHIP_8,2024-12-02 19:00:48.251769,2024-12-03 02:00:48.251769,3052.6,CRANE_2,148.34
SHIP_9,2024-12-02 23:49:58.251769,2024-12-03 10:49:58.251769,2983.06,CRANE_3,185.39
SHIP_10,2024-11-16 15:32:54.251769,2024-11-16 22:32:54.251769,1292.98,CRANE_4,144.21
SHIP_11,2024-11-19 07:01:29.251769,2024-11-19 08:01:29.251769,2487.54,CRANE_5,162.82
SHIP_12,2024-12-05 09:52:58.251769,2024-12-05 17:52:58.251769,3645.57,CRANE_6,65.36
SHIP_1,2024-11-30 12:40:06.251769,2024-11-30 22:40:06.251769,2808.06,CRANE_1,60.31
SHIP_2,2024-12-05 19:45:28.251769,2024-12-06 00:45:28.251769,2943.7,CRANE_2,87.65
SHIP_3,2024-12-09 17:21:01.251769,2024-12-09 20:21:01.251769,4371.31,CRANE_3,202.86
SHIP_4,2024-11-27 10:17:25.251984,2024-11-27 15:17:25.251984,3752.68,CRANE_4,141.73
SHIP_5,2024-11-23 13:48:29.251984,2024-11-23 21:48:29.251984,4316.44,CRANE_5,103.07
SHIP_6,2024-12-10 09:52:54.251984,2024-12-10 17:52:54.251984,3721.27,CRANE_6,204.88
SHIP_7,2024-11-24 08:31:17.251984,2024-11-24 17:31:17.251984,1409.43,CRANE_1,197.29
SHIP_8,2024-11-21 11:46:07.251984,2024-11-21 17:46:07.251984,1361.08,CRANE_2,157.43
SHIP_9,2024-11-29 14:56:52.251984,2024-11-29 21:56:52.251984,4818.46,CRANE_3,115.24
SHIP_10,2024-11-13 20:07:18.251984,2024-11-14 02:07:18.251984,1664.13,CRANE_4,151.08
SHIP_11,2024-12-09 14:20:19.251984,2024-12-09 19:20:19.251984,1170.45,CRANE_5,211.44
SHIP_12,2024-11-25 01:15:59.251984,2024-11-25 04:15:59.251984,4932.16,CRANE_6,69.21
SHIP_1,2024-11-14 06:29:23.251984,2024-11-14 11:29:23.251984,2685.33,CRANE_1,75.55
SHIP_2,2024-12-06 22:57:45.251984,2024-12-07 03:57:45.251984,4592.61,CRANE_2,113.72
SHIP_3,2024-11-20 05:04:21.251984,2024-11-20 07:04:21.251984,1898.94,CRANE_3,90.52
SHIP_4,2024-12-07 09:50:17.251984,2024-12-07 19:50:17.251984,3286.42,CRANE_4,130.72
SHIP_5,2024-11-16 09:04:52.251984,2024-11-16 16:04:52.251984,3260.57,CRANE_5,139.49
SHIP_6,2024-11-12 07:35:52.251984,2024-11-12 17:35:52.251984,3742.31,CRANE_6,162.05
SHIP_7,2024-11-15 10:55:17.251984,2024-11-15 12:55:17.251984,4518.62,CRANE_1,106.56
SHIP_8,2024-11-29 00:48:39.251984,2024-11-29 04:48:39.251984,4327.17,CRANE_2,144.06
SHIP_9,2024-12-04 04:47:58.251984,2024-12-04 15:47:58.251984,3255.34,CRANE_3,207.74
SHIP_10,2024-11-15 00:23:50.251984,2024-11-15 06:23:50.251984,3208.99,CRANE_4,92.14
SHIP_11,2024-12-01 21:42:56.251984,2024-12-02 01:42:56.251984,1601.92,CRANE_5,173.69
SHIP_12,2024-11-23 00:39:47.251984,2024-11-23 09:39:47.251984,2991.37,CRANE_6,214.78
SHIP_1,2024-11-29 09:11:52.251984,2024-11-29 16:11:52.251984,1575.58,CRANE_1,103.09
SHIP_2,2024-11-14 16:19:49.251984,2024-11-15 00:19:49.251984,3585.83,CRANE_2,155.79
SHIP_3,2024-11-24 07:32:53.251984,2024-11-24 08:32:53.251984,4330.67,CRANE_3,83.1
SHIP_4,2024-12-02 17:31:01.251984,2024-12-03 00:31:01.251984,3485.36,CRANE_4,135.53
SHIP_5,2024-11-17 00:49:22.251984,2024-11-17 09:49:22.251984,4524.87,CRANE_5,125.36
SHIP_6,2024-12-06 02:14:38.251984,2024-12-06 06:14:38.251984,4197.23,CRANE_6,181.46
SHIP_7,2024-11-27 15:37:11.251984,2024-11-27 17:37:11.251984,2393.92,CRANE_1,239.77
SHIP_8,2024-11-30 17:21:25.251984,2024-12-01 03:21:25.251984,2410.35,CRANE_2,177.52
SHIP_9,2024-12-02 17:10:15.251984,2024-12-02 22:10:15.251984,4365.14,CRANE_3,109.61
SHIP_10,2024-11-30 02:28:55.251984,2024-11-30 04:28:55.251984,1441.97,CRANE_4,210.45
SHIP_11,2024-12-03 10:46:09.251984,2024-12-03 18:46:09.251984,3322.66,CRANE_5,210.45
SHIP_12,2024-12-07 20:06:37.251984,2024-12-08 04:06:37.251984,2702.22,CRANE_6,124.96
SHIP_1,2024-12-03 22:27:54.251984,2024-12-04 06:27:54.251984,4242.66,CRANE_1,74.51
SHIP_2,2024-12-01 14:44:12.251984,2024-12-01 21:44:12.251984,2476.23,CRANE_2,161.69
SHIP_3,2024-11-25 14:47:22.251984,2024-11-25 23:47:22.251984,1356.11,CRANE_3,170.42
SHIP_4,2024-11-30 21:37:42.251984,2024-11-30 23:37:42.251984,4853.36,CRANE_4,161.74
SHIP_5,2024-12-03 15:47:13.251984,2024-12-03 19:47:13.251984,3383.58,CRANE_5,85.51
SHIP_6,2024-12-04 10:36:26.251984,2024-12-04 13:36:26.251984,2932.97,CRANE_6,233.82
SHIP_7,2024-12-08 15:29:30.251984,2024-12-08 23:29:30.251984,2529.37,CRANE_1,216.74
SHIP_8,2024-12-10 12:52:46.251984,2024-12-10 20:52:46.251984,4068.7,CRANE_2,106.67
SHIP_9,2024-11-16 23:43:49.251984,2024-11-17 07:43:49.251984,2325.09,CRANE_3,134.03
SHIP_10,2024-11-14 14:28:38.251984,2024-11-14 18:28:38.251984,2109.57,CRANE_4,84.14
SHIP_11,2024-12-05 00:00:35.251984,2024-12-05 02:00:35.251984,3347.2,CRANE_5,79.74
SHIP_12,2024-12-04 10:47:58.251984,2024-12-04 17:47:58.251984,4750.12,CRANE_6,206.12
SHIP_1,2024-11-26 03:25:03.251984,2024-11-26 12:25:03.251984,2040.6,CRANE_1,74.86
SHIP_2,2024-11-15 21:22:06.251984,2024-11-16 08:22:06.251984,4632.74,CRANE_2,184.5
SHIP_3,2024-12-02 17:53:56.251984,2024-12-02 20:53:56.251984,4534.93,CRANE_3,149.95
SHIP_4,2024-11-23 23:30:14.251984,2024-11-24 00:30:14.251984,1895.0,CRANE_4,138.95
SHIP_5,2024-12-05 18:46:35.251984,2024-12-05 20:46:35.251984,2329.75,CRANE_5,183.86
SHIP_6,2024-11-15 14:40:57.251984,2024-11-15 16:40:57.251984,4369.84,CRANE_6,80.87
SHIP_7,2024-11-25 19:07:24.251984,2024-11-26 04:07:24.251984,3995.67,CRANE_1,203.43
SHIP_8,2024-12-06 19:07:47.251984,2024-12-07 04:07:47.251984,3522.75,CRANE_2,205.1
SHIP_9,2024-11-26 12:28:14.251984,2024-11-26 17:28:14.251984,4903.76,CRANE_3,106.0
SHIP_10,2024-11-23 18:02:15.251984,2024-11-24 02:02:15.251984,4013.31,CRANE_4,102.27
SHIP_11,2024-11-26 03:58:53.251984,2024-11-26 06:58:53.251984,1774.67,CRANE_5,69.73
SHIP_12,2024-11-20 00:48:29.251984,2024-11-20 01:48:29.251984,4508.31,CRANE_6,121.75
SHIP_1,2024-12-03 10:41:05.251984,2024-12-03 16:41:05.251984,1421.74,CRANE_1,164.0
SHIP_2,2024-11-27 00:29:37.253009,2024-11-27 11:29:37.253009,3873.82,CRANE_2,111.92
SHIP_3,2024-11-27 13:45:29.253009,2024-11-27 15:45:29.253009,4475.41,CRANE_3,215.36
SHIP_4,2024-11-16 22:09:03.253009,2024-11-17 00:09:03.253009,2893.3,CRANE_4,180.11
SHIP_5,2024-11-25 12:19:28.253009,2024-11-25 18:19:28.253009,4523.69,CRANE_5,171.76
SHIP_6,2024-11-15 12:35:44.253009,2024-11-15 21:35:44.253009,4504.25,CRANE_6,200.12
SHIP_7,2024-11-12 06:43:28.253009,2024-11-12 07:43:28.253009,2145.29,CRANE_1,89.58
SHIP_8,2024-11-29 22:37:46.253009,2024-11-30 05:37:46.253009,3626.88,CRANE_2,79.81
SHIP_9,2024-11-15 22:49:41.253009,2024-11-16 01:49:41.253009,1514.99,CRANE_3,61.24
SHIP_10,2024-12-03 07:00:35.253009,2024-12-03 08:00:35.253009,1427.8,CRANE_4,136.92
SHIP_11,2024-11-18 15:59:03.253009,2024-11-18 23:59:03.253009,3116.86,CRANE_5,202.71
SHIP_12,2024-12-05 10:48:54.253009,2024-12-05 13:48:54.253009,3060.9,CRANE_6,208.81
SHIP_1,2024-11-22 14:51:27.253009,2024-11-22 18:51:27.253009,1432.26,CRANE_1,236.75
SHIP_2,2024-11-27 01:10:02.253009,2024-11-27 09:10:02.253009,2750.72,CRANE_2,154.71
SHIP_3,2024-11-17 05:07:33.253009,2024-11-17 14:07:33.253009,2331.66,CRANE_3,134.76
SHIP_4,2024-11-17 23:26:17.253009,2024-11-18 00:26:17.253009,3487.37,CRANE_4,218.82
SHIP_5,2024-11-30 04:00:41.253009,2024-11-30 06:00:41.253009,2196.17,CRANE_5,196.76
SHIP_6,2024-11-13 11:02:20.253009,2024-11-13 22:02:20.253009,1876.04,CRANE_6,235.55
SHIP_7,2024-12-07 12:55:58.253009,2024-12-07 19:55:58.253009,1620.3,CRANE_1,168.06
SHIP_8,2024-12-03 01:33:34.253009,2024-12-03 10:33:34.253009,1393.84,CRANE_2,190.35
SHIP_9,2024-12-07 01:56:27.253009,2024-12-07 09:56:27.253009,3073.76,CRANE_3,86.26
SHIP_10,2024-11-28 15:56:31.253009,2024-11-28 16:56:31.253009,3444.49,CRANE_4,60.95
SHIP_11,2024-12-09 02:09:23.253009,2024-12-09 10:09:23.253009,3895.68,CRANE_5,94.81
SHIP_12,2024-11-14 00:23:26.253009,2024-11-14 08:23:26.253009,3491.76,CRANE_6,65.57
SHIP_1,2024-12-03 09:48:20.253009,2024-12-03 19:48:20.253009,1485.31,CRANE_1,135.08
SHIP_2,2024-12-10 18:08:34.253009,2024-12-11 02:08:34.253009,3359.08,CRANE_2,207.24
SHIP_3,2024-12-08 06:30:53.253009,2024-12-08 17:30:53.253009,4232.04,CRANE_3,121.37
SHIP_4,2024-11-24 21:53:28.253009,2024-11-25 01:53:28.253009,1904.83,CRANE_4,210.98
SHIP_5,2024-11-22 00:56:57.253009,2024-11-22 05:56:57.253009,3036.44,CRANE_5,110.95
SHIP_6,2024-12-09 11:25:22.253009,2024-12-09 22:25:22.253009,2786.55,CRANE_6,213.19
SHIP_7,2024-11-20 18:34:50.253009,2024-11-21 02:34:50.253009,3306.25,CRANE_1,157.72
SHIP_8,2024-12-05 05:16:10.253009,2024-12-05 11:16:10.253009,3674.52,CRANE_2,94.36
SHIP_9,2024-11-27 04:06:34.253009,2024-11-27 11:06:34.253009,1610.06,CRANE_3,118.45
SHIP_10,2024-11-15 03:36:16.253009,2024-11-15 04:36:16.253009,4477.56,CRANE_4,105.35
SHIP_11,2024-12-09 00:22:36.253009,2024-12-09 08:22:36.253009,1639.9,CRANE_5,75.66
SHIP_12,2024-11-15 19:07:29.253009,2024-11-16 02:07:29.253009,2921.98,CRANE_6,235.89
SHIP_1,2024-12-05 10:25:40.253009,2024-12-05 12:25:40.253009,1228.04,CRANE_1,151.88
SHIP_2,2024-12-09 05:00:17.253009,2024-12-09 15:00:17.253009,2942.45,CRANE_2,60.4
SHIP_3,2024-11-13 07:22:57.253009,2024-11-13 10:22:57.253009,2769.6,CRANE_3,177.2
SHIP_4,2024-12-10 22:17:26.253009,2024-12-11 04:17:26.253009,3384.03,CRANE_4,217.58
SHIP_5,2024-11-30 08:48:15.253009,2024-11-30 13:48:15.253009,3958.85,CRANE_5,95.02
SHIP_6,2024-11-17 09:34:22.253009,2024-11-17 19:34:22.253009,2095.26,CRANE_6,210.64
SHIP_7,2024-11-15 18:11:13.253009,2024-11-16 02:11:13.253009,3626.29,CRANE_1,130.07
SHIP_8,2024-12-01 21:35:41.253009,2024-12-02 04:35:41.253009,4566.14,CRANE_2,196.45
SHIP_9,2024-11-30 13:14:19.253009,2024-11-30 20:14:19.253009,3351.95,CRANE_3,106.69
SHIP_10,2024-11-14 10:32:40.253009,2024-11-14 13:32:40.253009,2348.08,CRANE_4,97.6
SHIP_11,2024-11-12 20:14:21.253009,2024-11-13 01:14:21.253009,1127.05,CRANE_5,226.39
SHIP_12,2024-12-06 22:23:36.253009,2024-12-07 03:23:36.253009,2972.72,CRANE_6,173.21
SHIP_1,2024-11-19 10:36:30.253009,2024-11-19 17:36:30.253009,3579.77,CRANE_1,236.84
SHIP_2,2024-12-02 18:19:03.253009,2024-12-03 04:19:03.253009,4925.15,CRANE_2,139.43
SHIP_3,2024-11-23 17:37:34.253009,2024-11-24 02:37:34.253009,2143.12,CRANE_3,208.7
SHIP_4,2024-12-07 19:41:56.253009,2024-12-08 01:41:56.253009,1226.66,CRANE_4,75.6
SHIP_5,2024-11-16 23:42:57.253009,2024-11-17 10:42:57.253009,3193.97,CRANE_5,175.56
SHIP_6,2024-12-04 06:20:57.253009,2024-12-04 14:20:57.253009,3751.92,CRANE_6,88.78
SHIP_7,2024-12-06 17:13:43.253009,2024-12-06 18:13:43.253009,3490.79,CRANE_1,207.77
SHIP_8,2024-11-25 18:16:02.253009,2024-11-26 00:16:02.253009,1168.42,CRANE_2,155.86
SHIP_9,2024-11-25 21:45:18.253009,2024-11-26 02:45:18.253009,4470.78,CRANE_3,107.02
SHIP_10,2024-11-22 12:43:36.253979,2024-11-22 13:43:36.253979,2472.94,CRANE_4,176.36
SHIP_11,2024-12-07 07:40:36.253979,2024-12-07 17:40:36.253979,2485.36,CRANE_5,64.86
SHIP_12,2024-11-20 18:58:37.253979,2024-11-20 20:58:37.253979,2702.78,CRANE_6,143.64
SHIP_1,2024-11-15 20:48:46.253979,2024-11-16 06:48:46.253979,3521.32,CRANE_1,106.02
SHIP_2,2024-11-27 22:27:59.253979,2024-11-28 09:27:59.253979,4257.44,CRANE_2,70.37
SHIP_3,2024-11-16 03:00:32.253979,2024-11-16 05:00:32.253979,4726.94,CRANE_3,105.7
SHIP_4,2024-11-25 12:58:00.253979,2024-11-25 22:58:00.253979,2724.51,CRANE_4,211.26
SHIP_5,2024-12-04 22:06:05.253979,2024-12-05 06:06:05.253979,2221.8,CRANE_5,118.2
SHIP_6,2024-11-19 12:31:26.253979,2024-11-19 21:31:26.253979,1283.87,CRANE_6,201.85
SHIP_7,2024-12-03 18:17:12.253979,2024-12-04 03:17:12.253979,2586.84,CRANE_1,116.18
SHIP_8,2024-12-03 03:02:03.253979,2024-12-03 07:02:03.253979,4156.6,CRANE_2,104.78
SHIP_9,2024-12-04 23:31:41.253979,2024-12-05 04:31:41.253979,1283.52,CRANE_3,174.39
SHIP_10,2024-12-02 06:18:21.253979,2024-12-02 17:18:21.253979,2933.55,CRANE_4,76.55
SHIP_11,2024-11-25 04:50:18.253979,2024-11-25 11:50:18.253979,1649.0,CRANE_5,69.57
SHIP_12,2024-12-10 13:19:07.253979,2024-12-10 17:19:07.253979,1410.15,CRANE_6,203.11
SHIP_1,2024-12-07 09:05:55.253979,2024-12-07 16:05:55.253979,1637.76,CRANE_1,160.21
SHIP_2,2024-11-26 16:59:10.253979,2024-11-26 20:59:10.253979,1858.0,CRANE_2,152.36
SHIP_3,2024-11-27 22:08:06.253979,2024-11-27 23:08:06.253979,2570.76,CRANE_3,179.79
SHIP_4,2024-11-14 13:19:36.253979,2024-11-14 16:19:36.253979,3578.65,CRANE_4,114.66
SHIP_5,2024-11-25 19:15:35.253979,2024-11-26 05:15:35.253979,1542.67,CRANE_5,70.18
SHIP_6,2024-11-24 05:17:29.253979,2024-11-24 15:17:29.253979,4782.54,CRANE_6,129.19
SHIP_7,2024-12-05 15:58:46.253979,2024-12-05 21:58:46.253979,2601.79,CRANE_1,153.92
SHIP_8,2024-11-20 12:39:59.253979,2024-11-20 14:39:59.253979,2689.65,CRANE_2,96.37
SHIP_9,2024-12-06 21:12:25.253979,2024-12-07 07:12:25.253979,4246.84,CRANE_3,62.91
SHIP_10,2024-12-09 18:36:48.253979,2024-12-09 19:36:48.253979,4201.39,CRANE_4,88.99
SHIP_11,2024-11-28 02:07:15.253979,2024-11-28 11:07:15.253979,1057.26,CRANE_5,146.78
SHIP_12,2024-11-24 16:35:01.253979,2024-11-25 02:35:01.253979,1480.88,CRANE_6,217.99
SHIP_1,2024-11-25 15:15:15.253979,2024-11-25 16:15:15.253979,1633.28,CRANE_1,187.68
SHIP_2,2024-12-01 23:42:06.253979,2024-12-02 00:42:06.253979,2317.5,CRANE_2,100.8
SHIP_3,2024-11-21 07:38:25.253979,2024-11-21 17:38:25.253979,3491.94,CRANE_3,150.9
SHIP_4,2024-11-25 12:42:36.253979,2024-11-25 22:42:36.253979,4904.26,CRANE_4,149.19
SHIP_5,2024-11-23 05:31:46.253979,2024-11-23 13:31:46.253979,2967.47,CRANE_5,78.5
SHIP_6,2024-11-14 20:27:39.253979,2024-11-15 00:27:39.253979,3366.06,CRANE_6,98.26
SHIP_7,2024-11-23 15:09:13.253979,2024-11-23 22:09:13.253979,1155.9,CRANE_1,177.62
SHIP_8,2024-11-19 13:35:40.253979,2024-11-19 21:35:40.253979,3633.77,CRANE_2,162.74
SHIP_9,2024-11-12 06:03:01.253979,2024-11-12 12:03:01.253979,2354.92,CRANE_3,93.81
SHIP_10,2024-12-09 23:01:14.253979,2024-12-10 08:01:14.253979,4717.63,CRANE_4,111.82
SHIP_11,2024-11-13 13:04:06.253979,2024-11-13 14:04:06.253979,1410.45,CRANE_5,225.81
SHIP_12,2024-11-18 05:45:12.253979,2024-11-18 09:45:12.253979,2725.97,CRANE_6,134.53
SHIP_1,2024-12-01 15:32:38.253979,2024-12-02 00:32:38.253979,3404.56,CRANE_1,210.19
SHIP_2,2024-12-04 09:08:52.253979,2024-12-04 18:08:52.253979,3765.03,CRANE_2,97.47
SHIP_3,2024-12-01 14:22:48.253979,2024-12-01 23:22:48.253979,2297.4,CRANE_3,236.43
SHIP_4,2024-12-09 01:46:28.253979,2024-12-09 08:46:28.253979,3281.04,CRANE_4,196.17
SHIP_5,2024-11-23 00:49:22.253979,2024-11-23 02:49:22.253979,4042.0,CRANE_5,179.17
SHIP_6,2024-11-25 18:11:03.253979,2024-11-25 23:11:03.253979,2427.33,CRANE_6,192.7
SHIP_7,2024-11-28 07:31:18.253979,2024-11-28 15:31:18.253979,1889.99,CRANE_1,221.73
SHIP_8,2024-11-17 03:49:57.253979,2024-11-17 14:49:57.253979,3725.58,CRANE_2,239.95
SHIP_9,2024-12-06 10:46:36.253979,2024-12-06 14:46:36.253979,1322.99,CRANE_3,207.37
SHIP_10,2024-11-21 03:21:03.253979,2024-11-21 14:21:03.253979,4804.72,CRANE_4,118.75
SHIP_11,2024-12-10 15:40:31.253979,2024-12-10 20:40:31.253979,3122.09,CRANE_5,205.81
SHIP_12,2024-11-29 07:54:31.253979,2024-11-29 17:54:31.253979,1054.32,CRANE_6,67.44
SHIP_1,2024-11-30 02:56:46.253979,2024-11-30 11:56:46.253979,4487.08,CRANE_1,147.96
SHIP_2,2024-11-12 09:29:49.253979,2024-11-12 20:29:49.253979,3817.0,CRANE_2,167.7
SHIP_3,2024-11-16 03:20:46.253979,2024-11-16 06:20:46.253979,2642.07,CRANE_3,105.99
SHIP_4,2024-11-13 04:59:08.253979,2024-11-13 15:59:08.253979,1088.57,CRANE_4,124.26
SHIP_5,2024-11-19 19:05:50.253979,2024-11-19 22:05:50.253979,4128.92,CRANE_5,75.03
SHIP_6,2024-12-04 15:32:35.253979,2024-12-04 20:32:35.253979,2121.43,CRANE_6,83.5
SHIP_7,2024-12-10 21:18:37.253979,2024-12-11 06:18:37.253979,3540.62,CRANE_1,177.86
SHIP_8,2024-11-30 16:30:26.253979,2024-11-30 21:30:26.253979,1945.97,CRANE_2,70.18
SHIP_9,2024-11-24 04:24:46.255004,2024-11-24 05:24:46.255004,2476.77,CRANE_3,65.78
SHIP_10,2024-12-10 08:56:29.255004,2024-12-10 10:56:29.255004,2227.11,CRANE_4,62.22
SHIP_11,2024-11-28 16:02:22.255004,2024-11-28 23:02:22.255004,3165.93,CRANE_5,77.42
SHIP_12,2024-11-30 04:07:19.255004,2024-11-30 10:07:19.255004,1150.36,CRANE_6,187.82
SHIP_1,2024-12-01 21:04:43.255004,2024-12-02 06:04:43.255004,3571.34,CRANE_1,184.55
SHIP_2,2024-12-08 23:24:15.255004,2024-12-09 08:24:15.255004,3708.69,CRANE_2,80.77
SHIP_3,2024-11-17 21:53:00.255004,2024-11-17 23:53:00.255004,2447.05,CRANE_3,112.9
SHIP_4,2024-11-18 16:45:45.255004,2024-11-18 19:45:45.255004,3336.9,CRANE_4,82.04
SHIP_5,2024-11-12 18:46:01.255004,2024-11-13 01:46:01.255004,1313.9,CRANE_5,205.43
SHIP_6,2024-11-24 05:35:51.255004,2024-11-24 13:35:51.255004,2888.2,CRANE_6,211.64
SHIP_7,2024-11-23 01:03:02.255004,2024-11-23 09:03:02.255004,4400.72,CRANE_1,155.04
SHIP_8,2024-12-05 18:13:10.255004,2024-12-06 03:13:10.255004,1933.08,CRANE_2,67.8
SHIP_9,2024-12-01 07:40:36.255004,2024-12-01 14:40:36.255004,4165.48,CRANE_3,114.42
SHIP_10,2024-11-17 04:18:59.255004,2024-11-17 06:18:59.255004,1247.03,CRANE_4,81.96
SHIP_11,2024-11-24 20:07:25.255004,2024-11-25 05:07:25.255004,1432.96,CRANE_5,199.42
SHIP_12,2024-11-27 15:26:00.255004,2024-11-27 23:26:00.255004,3560.94,CRANE_6,189.45
SHIP_1,2024-11-21 14:39:06.255004,2024-11-22 00:39:06.255004,2845.47,CRANE_1,180.21
SHIP_2,2024-11-18 04:50:05.255004,2024-11-18 06:50:05.255004,1023.86,CRANE_2,176.99
SHIP_3,2024-12-10 12:36:47.255004,2024-12-10 18:36:47.255004,3561.17,CRANE_3,180.92
SHIP_4,2024-11-19 11:27:40.255004,2024-11-19 19:27:40.255004,4883.45,CRANE_4,224.25
SHIP_5,2024-12-08 17:21:17.255004,2024-12-08 22:21:17.255004,4016.11,CRANE_5,150.72
SHIP_6,2024-11-16 00:15:30.255004,2024-11-16 04:15:30.255004,1842.35,CRANE_6,126.92
SHIP_7,2024-11-19 13:29:16.255004,2024-11-19 21:29:16.255004,4700.11,CRANE_1,220.34
SHIP_8,2024-12-01 02:38:56.255004,2024-12-01 10:38:56.255004,3138.4,CRANE_2,180.05
SHIP_9,2024-11-24 19:02:04.255004,2024-11-24 20:02:04.255004,4225.28,CRANE_3,214.82
SHIP_10,2024-11-18 12:03:20.255004,2024-11-18 15:03:20.255004,2047.12,CRANE_4,188.01
SHIP_11,2024-11-22 05:30:02.255004,2024-11-22 11:30:02.255004,4412.52,CRANE_5,72.5
SHIP_12,2024-11-16 21:21:05.255004,2024-11-17 06:21:05.255004,4814.74,CRANE_6,160.03
SHIP_1,2024-12-03 03:57:01.255004,2024-12-03 11:57:01.255004,1402.74,CRANE_1,210.65
SHIP_2,2024-11-18 22:56:46.255004,2024-11-19 06:56:46.255004,4098.41,CRANE_2,113.74
SHIP_3,2024-12-03 06:40:24.255004,2024-12-03 14:40:24.255004,3888.69,CRANE_3,140.89
SHIP_4,2024-12-03 11:02:13.255004,2024-12-03 19:02:13.255004,2511.24,CRANE_4,225.23
SHIP_5,2024-12-09 17:45:18.255004,2024-12-09 19:45:18.255004,3954.6,CRANE_5,83.88
SHIP_6,2024-11-26 02:07:20.255004,2024-11-26 07:07:20.255004,4625.68,CRANE_6,206.54
SHIP_7,2024-11-12 12:01:20.255004,2024-11-12 16:01:20.255004,4016.9,CRANE_1,176.52
SHIP_8,2024-11-16 04:32:24.255004,2024-11-16 09:32:24.255004,4711.28,CRANE_2,100.06
SHIP_9,2024-11-26 08:25:22.255004,2024-11-26 10:25:22.255004,3465.65,CRANE_3,189.84
SHIP_10,2024-12-07 16:21:35.255004,2024-12-07 18:21:35.255004,4343.59,CRANE_4,200.64
SHIP_11,2024-11-23 16:43:29.255004,2024-11-23 17:43:29.255004,4938.41,CRANE_5,102.83
SHIP_12,2024-12-05 05:38:13.255004,2024-12-05 16:38:13.255004,2767.42,CRANE_6,235.19
SHIP_1,2024-11-15 07:00:19.255004,2024-11-15 13:00:19.255004,3386.16,CRANE_1,60.81
SHIP_2,2024-11-12 06:42:55.255004,2024-11-12 08:42:55.255004,4970.28,CRANE_2,168.51
SHIP_3,2024-11-30 19:41:32.255004,2024-11-30 21:41:32.255004,2736.18,CRANE_3,145.2
SHIP_4,2024-11-22 06:24:00.255004,2024-11-22 07:24:00.255004,3912.33,CRANE_4,173.41
SHIP_5,2024-11-18 00:19:39.255004,2024-11-18 10:19:39.255004,4595.84,CRANE_5,185.33
SHIP_6,2024-11-20 21:57:29.255004,2024-11-20 23:57:29.255004,4647.33,CRANE_6,218.41
SHIP_7,2024-11-30 21:01:46.255004,2024-12-01 05:01:46.255004,1181.31,CRANE_1,145.5
SHIP_8,2024-11-24 21:57:10.255004,2024-11-25 01:57:10.255004,2793.97,CRANE_2,89.76
SHIP_9,2024-11-13 04:35:51.255004,2024-11-13 07:35:51.255004,3823.97,CRANE_3,101.37
SHIP_10,2024-11-24 22:27:02.255004,2024-11-25 04:27:02.255004,3163.8,CRANE_4,219.82
SHIP_11,2024-12-04 21:22:08.255004,2024-12-05 04:22:08.255004,2847.04,CRANE_5,190.9
SHIP_12,2024-11-26 05:27:43.255004,2024-11-26 14:27:43.255004,1004.34,CRANE_6,238.51
SHIP_1,2024-12-03 13:01:29.255004,2024-12-03 17:01:29.255004,4326.14,CRANE_1,143.06
SHIP_2,2024-12-02 18:32:15.255004,2024-12-02 19:32:15.255004,1754.79,CRANE_2,186.56
SHIP_3,2024-12-01 20:06:32.255004,2024-12-01 23:06:32.255004,3727.75,CRANE_3,195.24
SHIP_4,2024-11-28 18:45:05.255004,2024-11-28 20:45:05.255004,3388.37,CRANE_4,196.31
SHIP_5,2024-11-26 09:31:46.255004,2024-11-26 11:31:46.255004,4327.92,CRANE_5,162.09
SHIP_6,2024-11-24 14:42:43.255004,2024-11-24 19:42:43.255004,4980.42,CRANE_6,167.66
SHIP_7,2024-11-20 00:07:36.255004,2024-11-20 06:07:36.255004,4753.26,CRANE_1,175.99
SHIP_8,2024-11-29 02:22:50.255004,2024-11-29 04:22:50.255004,2923.73,CRANE_2,104.63
SHIP_9,2024-12-06 05:44:56.255004,2024-12-06 11:44:56.255004,4720.5,CRANE_3,75.35
SHIP_10,2024-11-26 12:53:20.255004,2024-11-26 13:53:20.255004,4899.04,CRANE_4,209.66
SHIP_11,2024-11-19 06:58:28.255004,2024-11-19 13:58:28.255004,4696.27,CRANE_5,70.46
SHIP_12,2024-11-30 22:19:37.255004,2024-12-01 09:19:37.255004,1387.3,CRANE_6,129.43
SHIP_1,2024-11-13 05:14:03.255004,2024-11-13 06:14:03.255004,2820.14,CRANE_1,213.49
SHIP_2,2024-11-12 11:58:54.255004,2024-11-12 14:58:54.255004,4776.97,CRANE_2,238.03
SHIP_3,2024-12-10 19:11:26.255004,2024-12-11 02:11:26.255004,2623.74,CRANE_3,102.44
SHIP_4,2024-11-22 12:24:37.255004,2024-11-22 21:24:37.255004,4014.36,CRANE_4,133.27
SHIP_5,2024-11-17 06:13:53.255004,2024-11-17 17:13:53.255004,2198.76,CRANE_5,87.89
SHIP_6,2024-12-05 11:58:51.256001,2024-12-05 15:58:51.256001,2375.55,CRANE_6,151.02
SHIP_7,2024-11-18 09:22:14.256001,2024-11-18 13:22:14.256001,2154.1,CRANE_1,74.08
SHIP_8,2024-12-09 00:37:42.256001,2024-12-09 05:37:42.256001,3522.6,CRANE_2,175.29
SHIP_9,2024-11-12 22:51:09.256001,2024-11-13 02:51:09.256001,3230.93,CRANE_3,207.85
SHIP_10,2024-11-16 08:45:20.256001,2024-11-16 16:45:20.256001,2903.49,CRANE_4,80.46
SHIP_11,2024-12-01 09:13:03.256001,2024-12-01 13:13:03.256001,2847.6,CRANE_5,127.51
SHIP_12,2024-11-22 13:54:04.256001,2024-11-22 21:54:04.256001,1461.87,CRANE_6,200.29
SHIP_1,2024-11-19 21:23:22.256001,2024-11-19 22:23:22.256001,3768.67,CRANE_1,130.9
SHIP_2,2024-11-13 12:22:38.256001,2024-11-13 17:22:38.256001,2828.7,CRANE_2,186.03
SHIP_3,2024-11-16 13:24:16.256001,2024-11-16 14:24:16.256001,4536.93,CRANE_3,70.44
SHIP_4,2024-11-28 19:20:29.256001,2024-11-29 01:20:29.256001,3471.08,CRANE_4,189.5
SHIP_5,2024-11-30 03:58:31.256001,2024-11-30 09:58:31.256001,1242.63,CRANE_5,80.48
SHIP_6,2024-11-15 09:55:56.256001,2024-11-15 11:55:56.256001,1504.6,CRANE_6,228.2
SHIP_7,2024-12-05 18:17:18.256001,2024-12-05 19:17:18.256001,3335.96,CRANE_1,152.91
SHIP_8,2024-11-21 17:19:50.256001,2024-11-22 00:19:50.256001,3550.75,CRANE_2,174.52
SHIP_9,2024-12-02 00:33:32.256001,2024-12-02 05:33:32.256001,1340.6,CRANE_3,171.45
SHIP_10,2024-11-20 09:14:32.256001,2024-11-20 12:14:32.256001,1720.72,CRANE_4,182.92
SHIP_11,2024-11-23 17:59:08.256001,2024-11-23 22:59:08.256001,4341.19,CRANE_5,98.42
SHIP_12,2024-11-12 10:17:51.256001,2024-11-12 11:17:51.256001,1386.37,CRANE_6,72.71
SHIP_1,2024-12-05 00:52:49.256001,2024-12-05 07:52:49.256001,2312.19,CRANE_1,230.24
SHIP_2,2024-12-10 08:55:22.256001,2024-12-10 16:55:22.256001,3531.01,CRANE_2,130.1
SHIP_3,2024-12-01 15:27:08.256001,2024-12-01 21:27:08.256001,1720.7,CRANE_3,162.5
SHIP_4,2024-12-01 03:06:22.256001,2024-12-01 08:06:22.256001,1071.5,CRANE_4,144.28
SHIP_5,2024-11-24 00:58:15.256001,2024-11-24 09:58:15.256001,1198.3,CRANE_5,159.96
SHIP_6,2024-12-04 15:35:16.256001,2024-12-04 21:35:16.256001,4771.73,CRANE_6,91.12
SHIP_7,2024-12-07 00:09:19.256001,2024-12-07 06:09:19.256001,1036.76,CRANE_1,79.71
SHIP_8,2024-11-17 01:24:34.256001,2024-11-17 12:24:34.256001,4494.56,CRANE_2,163.26
SHIP_9,2024-11-23 13:51:34.256001,2024-11-23 16:51:34.256001,3308.5,CRANE_3,86.7
SHIP_10,2024-12-05 17:12:43.256001,2024-12-05 23:12:43.256001,1735.5,CRANE_4,104.8
SHIP_11,2024-12-04 21:37:14.256001,2024-12-05 04:37:14.256001,1406.2,CRANE_5,70.26
SHIP_12,2024-12-01 01:10:09.256001,2024-12-01 07:10:09.256001,4195.63,CRANE_6,221.06
SHIP_1,2024-12-05 01:34:53.256001,2024-12-05 08:34:53.256001,1993.03,CRANE_1,175.88
SHIP_2,2024-11-26 05:27:45.256001,2024-11-26 16:27:45.256001,3528.31,CRANE_2,188.47
SHIP_3,2024-11-12 22:25:20.256001,2024-11-13 01:25:20.256001,2210.24,CRANE_3,93.78
SHIP_4,2024-11-21 19:50:22.256001,2024-11-22 03:50:22.256001,1590.72,CRANE_4,82.71
SHIP_5,2024-11-15 04:52:47.256001,2024-11-15 11:52:47.256001,3824.97,CRANE_5,131.49
SHIP_6,2024-12-08 12:57:54.256001,2024-12-08 19:57:54.256001,4085.66,CRANE_6,85.94
SHIP_7,2024-12-08 15:12:43.256001,2024-12-08 16:12:43.256001,2379.68,CRANE_1,78.06
SHIP_8,2024-11-21 15:35:22.256001,2024-11-21 19:35:22.256001,3387.62,CRANE_2,210.29
SHIP_9,2024-12-09 14:42:14.256001,2024-12-09 22:42:14.256001,3786.6,CRANE_3,101.78
SHIP_10,2024-11-18 06:17:17.256001,2024-11-18 10:17:17.256001,3082.75,CRANE_4,160.13
SHIP_11,2024-11-13 03:21:54.256001,2024-11-13 13:21:54.256001,1588.0,CRANE_5,188.64
SHIP_12,2024-12-09 22:01:52.256001,2024-12-10 04:01:52.256001,4447.12,CRANE_6,146.32
SHIP_1,2024-12-02 20:45:51.256001,2024-12-03 00:45:51.256001,3602.95,CRANE_1,175.65
SHIP_2,2024-12-09 07:20:23.256001,2024-12-09 14:20:23.256001,4832.45,CRANE_2,86.83
SHIP_3,2024-11-21 00:53:40.256001,2024-11-21 06:53:40.256001,3795.65,CRANE_3,129.94
SHIP_4,2024-11-29 17:28:32.256001,2024-11-29 19:28:32.256001,2137.89,CRANE_4,134.21
SHIP_5,2024-12-08 15:46:19.256001,2024-12-08 18:46:19.256001,1257.12,CRANE_5,190.12
SHIP_6,2024-11-27 06:19:55.256001,2024-11-27 17:19:55.256001,3195.96,CRANE_6,234.63
SHIP_7,2024-12-09 14:07:42.256001,2024-12-10 00:07:42.256001,2732.24,CRANE_1,176.21
SHIP_8,2024-11-28 19:52:46.256001,2024-11-28 21:52:46.256001,1412.01,CRANE_2,194.36
SHIP_9,2024-11-19 04:12:49.256001,2024-11-19 10:12:49.256001,2129.51,CRANE_3,68.05
SHIP_10,2024-12-10 06:12:45.256001,2024-12-10 10:12:45.256001,1986.63,CRANE_4,187.03
SHIP_11,2024-11-15 17:58:36.256001,2024-11-15 19:58:36.256001,1603.07,CRANE_5,179.77
SHIP_12,2024-12-06 16:04:15.256001,2024-12-06 22:04:15.256001,1585.16,CRANE_6,79.5
SHIP_1,2024-11-24 13:28:25.256001,2024-11-24 19:28:25.256001,2926.68,CRANE_1,113.3
SHIP_2,2024-11-23 15:38:23.256001,2024-11-23 20:38:23.256001,2461.28,CRANE_2,186.2
SHIP_3,2024-12-04 23:02:49.256001,2024-12-05 05:02:49.256001,2572.53,CRANE_3,222.19
SHIP_4,2024-12-01 09:47:55.256001,2024-12-01 14:47:55.256001,4677.89,CRANE_4,204.32
SHIP_5,2024-11-14 02:48:27.256001,2024-11-14 10:48:27.256001,1725.04,CRANE_5,216.95
SHIP_6,2024-11-27 19:10:36.256001,2024-11-28 03:10:36.256001,3333.71,CRANE_6,143.02
SHIP_7,2024-12-10 02:20:07.256001,2024-12-10 09:20:07.256001,1045.81,CRANE_1,108.84
SHIP_8,2024-11-26 00:06:53.256001,2024-11-26 05:06:53.256001,4634.12,CRANE_2,70.46
SHIP_9,2024-11-30 05:16:46.256001,2024-11-30 07:16:46.256001,3231.17,CRANE_3,121.64
SHIP_10,2024-12-03 16:57:16.256001,2024-12-03 21:57:16.256001,2621.78,CRANE_4,114.8
SHIP_11,2024-11-13 19:31:15.256001,2024-11-13 23:31:15.256001,3986.47,CRANE_5,96.04
SHIP_12,2024-11-26 16:19:57.256001,2024-11-26 23:19:57.256001,1226.71,CRANE_6,83.25
SHIP_1,2024-11-19 10:17:44.256001,2024-11-19 19:17:44.256001,1052.28,CRANE_1,198.77
SHIP_2,2024-11-16 03:59:31.256001,2024-11-16 08:59:31.256001,3909.57,CRANE_2,138.06
SHIP_3,2024-11-12 14:37:03.256001,2024-11-12 18:37:03.256001,3457.01,CRANE_3,135.56
SHIP_4,2024-12-05 07:08:41.256999,2024-12-05 14:08:41.256999,2163.85,CRANE_4,154.49
SHIP_5,2024-11-30 21:28:33.256999,2024-12-01 08:28:33.256999,3124.23,CRANE_5,116.48
SHIP_6,2024-12-08 13:13:14.256999,2024-12-08 23:13:14.256999,3179.31,CRANE_6,74.31
SHIP_7,2024-11-16 19:31:48.256999,2024-11-17 05:31:48.256999,1986.63,CRANE_1,123.09
SHIP_8,2024-11-20 07:07:02.256999,2024-11-20 10:07:02.256999,3433.65,CRANE_2,100.43
SHIP_9,2024-11-15 01:54:06.256999,2024-11-15 04:54:06.256999,3997.73,CRANE_3,158.41
SHIP_10,2024-11-15 19:00:23.256999,2024-11-16 01:00:23.256999,1262.91,CRANE_4,174.55
SHIP_11,2024-11-29 14:30:29.256999,2024-11-29 18:30:29.256999,1758.12,CRANE_5,99.12
SHIP_12,2024-11-14 08:58:33.256999,2024-11-14 19:58:33.256999,4209.08,CRANE_6,211.23
SHIP_1,2024-11-23 22:58:14.256999,2024-11-24 09:58:14.256999,4054.3,CRANE_1,175.15
SHIP_2,2024-12-10 14:33:00.256999,2024-12-10 22:33:00.256999,1520.96,CRANE_2,145.36
SHIP_3,2024-11-12 22:36:45.256999,2024-11-13 04:36:45.256999,3060.04,CRANE_3,199.64
SHIP_4,2024-12-02 22:15:12.256999,2024-12-02 23:15:12.256999,2735.95,CRANE_4,205.22
SHIP_5,2024-12-10 16:45:51.256999,2024-12-11 03:45:51.256999,2618.4,CRANE_5,154.62
SHIP_6,2024-11-28 22:53:54.256999,2024-11-28 23:53:54.256999,2110.19,CRANE_6,232.07
SHIP_7,2024-12-06 12:42:42.256999,2024-12-06 18:42:42.256999,1675.95,CRANE_1,190.8
SHIP_8,2024-12-06 04:47:15.256999,2024-12-06 10:47:15.256999,4995.3,CRANE_2,168.21
SHIP_9,2024-11-22 00:23:23.256999,2024-11-22 11:23:23.256999,2128.91,CRANE_3,95.63
SHIP_10,2024-11-20 00:57:18.256999,2024-11-20 03:57:18.256999,1697.17,CRANE_4,132.54
SHIP_11,2024-11-26 07:58:07.256999,2024-11-26 14:58:07.256999,1766.91,CRANE_5,164.18
SHIP_12,2024-11-29 11:09:18.256999,2024-11-29 22:09:18.256999,4880.96,CRANE_6,112.68
SHIP_1,2024-12-03 05:14:44.256999,2024-12-03 08:14:44.256999,3917.5,CRANE_1,167.03
SHIP_2,2024-11-24 20:39:31.256999,2024-11-25 07:39:31.256999,4230.13,CRANE_2,78.27
SHIP_3,2024-11-23 18:13:29.256999,2024-11-24 05:13:29.256999,2285.92,CRANE_3,63.77
SHIP_4,2024-11-27 03:34:38.256999,2024-11-27 12:34:38.256999,1942.4,CRANE_4,187.75
SHIP_5,2024-11-30 12:54:29.256999,2024-11-30 20:54:29.256999,4157.3,CRANE_5,127.19
SHIP_6,2024-12-06 01:09:34.256999,2024-12-06 05:09:34.256999,1134.04,CRANE_6,76.23
SHIP_7,2024-11-24 04:32:49.256999,2024-11-24 05:32:49.256999,2210.91,CRANE_1,153.98
SHIP_8,2024-12-04 06:58:04.256999,2024-12-04 17:58:04.256999,2017.21,CRANE_2,164.41
SHIP_9,2024-11-13 01:59:16.256999,2024-11-13 03:59:16.256999,3172.69,CRANE_3,173.6
SHIP_10,2024-11-19 06:21:21.256999,2024-11-19 14:21:21.256999,1088.4,CRANE_4,158.18
SHIP_11,2024-11-28 22:47:46.256999,2024-11-28 23:47:46.256999,3398.87,CRANE_5,165.1
SHIP_12,2024-11-19 01:23:19.256999,2024-11-19 05:23:19.256999,3797.77,CRANE_6,108.17
SHIP_1,2024-11-20 05:18:19.256999,2024-11-20 08:18:19.256999,4595.45,CRANE_1,160.69
SHIP_2,2024-11-12 15:29:03.256999,2024-11-12 20:29:03.256999,4862.73,CRANE_2,93.24
SHIP_3,2024-11-22 02:09:42.256999,2024-11-22 10:09:42.256999,4257.74,CRANE_3,203.11
SHIP_4,2024-12-02 10:25:32.256999,2024-12-02 12:25:32.256999,3308.06,CRANE_4,77.71
SHIP_5,2024-12-08 23:56:48.256999,2024-12-09 05:56:48.256999,2544.1,CRANE_5,196.02
SHIP_6,2024-11-20 14:09:43.256999,2024-11-20 15:09:43.256999,2023.52,CRANE_6,199.26
SHIP_7,2024-11-17 14:19:55.256999,2024-11-17 19:19:55.256999,4918.79,CRANE_1,74.77
SHIP_8,2024-11-24 03:07:36.256999,2024-11-24 08:07:36.256999,2917.25,CRANE_2,153.97
SHIP_9,2024-12-04 12:54:52.256999,2024-12-04 16:54:52.256999,2629.74,CRANE_3,104.49
SHIP_10,2024-11-20 06:33:49.256999,2024-11-20 15:33:49.256999,4068.06,CRANE_4,238.39
SHIP_11,2024-11-27 01:37:13.256999,2024-11-27 05:37:13.256999,4731.99,CRANE_5,109.04
SHIP_12,2024-12-06 02:17:30.256999,2024-12-06 10:17:30.256999,2445.52,CRANE_6,70.13
SHIP_1,2024-12-06 19:26:20.256999,2024-12-06 21:26:20.256999,2991.55,CRANE_1,174.1
SHIP_2,2024-12-06 21:59:50.256999,2024-12-07 03:59:50.256999,2307.78,CRANE_2,239.85
SHIP_3,2024-11-30 15:38:30.256999,2024-11-30 22:38:30.256999,2942.1,CRANE_3,99.55
SHIP_4,2024-11-18 11:13:00.256999,2024-11-18 17:13:00.256999,4047.22,CRANE_4,191.16
SHIP_5,2024-11-13 23:32:37.256999,2024-11-14 08:32:37.256999,1766.99,CRANE_5,142.95
SHIP_6,2024-12-10 08:11:22.256999,2024-12-10 17:11:22.256999,3257.5,CRANE_6,178.81
SHIP_7,2024-11-14 05:12:27.256999,2024-11-14 08:12:27.256999,2359.05,CRANE_1,220.76
SHIP_8,2024-11-13 01:55:14.256999,2024-11-13 09:55:14.256999,2726.6,CRANE_2,104.74
SHIP_9,2024-11-16 12:48:57.256999,2024-11-16 16:48:57.256999,1201.57,CRANE_3,239.48
SHIP_10,2024-11-24 21:57:43.256999,2024-11-24 23:57:43.256999,3996.19,CRANE_4,212.37
SHIP_11,2024-11-21 02:56:19.256999,2024-11-21 08:56:19.256999,1486.29,CRANE_5,195.89
SHIP_12,2024-12-01 01:57:06.256999,2024-12-01 03:57:06.256999,1502.95,CRANE_6,142.52
SHIP_1,2024-12-05 17:41:28.256999,2024-12-05 22:41:28.256999,1838.67,CRANE_1,63.44
SHIP_2,2024-12-08 22:17:57.256999,2024-12-09 07:17:57.256999,2187.26,CRANE_2,109.2
SHIP_3,2024-12-04 07:26:47.256999,2024-12-04 15:26:47.256999,2210.44,CRANE_3,168.14
SHIP_4,2024-11-21 23:29:47.256999,2024-11-22 04:29:47.256999,4642.6,CRANE_4,142.04
SHIP_5,2024-11-13 12:12:32.256999,2024-11-13 17:12:32.256999,2383.95,CRANE_5,166.82
SHIP_6,2024-12-03 00:24:03.256999,2024-12-03 03:24:03.256999,3454.08,CRANE_6,166.26
SHIP_7,2024-12-04 23:20:37.256999,2024-12-05 05:20:37.256999,4744.29,CRANE_1,205.14
SHIP_8,2024-11-23 12:57:22.256999,2024-11-23 14:57:22.256999,3844.77,CRANE_2,74.87
SHIP_9,2024-11-12 06:52:18.256999,2024-11-12 07:52:18.256999,1165.7,CRANE_3,202.38
SHIP_10,2024-12-04 07:18:03.256999,2024-12-04 14:18:03.256999,2323.07,CRANE_4,190.21
SHIP_11,2024-11-16 08:52:49.256999,2024-11-16 17:52:49.256999,1480.76,CRANE_5,60.42
SHIP_12,2024-12-10 17:13:48.256999,2024-12-11 01:13:48.256999,2537.22,CRANE_6,175.25
SHIP_1,2024-11-26 03:44:27.257996,2024-11-26 11:44:27.257996,3415.89,CRANE_1,162.17
SHIP_2,2024-11-26 10:34:48.257996,2024-11-26 20:34:48.257996,3644.73,CRANE_2,80.32
SHIP_3,2024-11-19 10:20:43.257996,2024-11-19 14:20:43.257996,2560.88,CRANE_3,166.9
SHIP_4,2024-12-05 22:52:46.257996,2024-12-06 00:52:46.257996,1722.44,CRANE_4,193.98
SHIP_5,2024-12-02 22:05:32.257996,2024-12-03 02:05:32.257996,1556.4,CRANE_5,67.1
SHIP_6,2024-11-15 17:10:49.257996,2024-11-16 01:10:49.257996,4098.81,CRANE_6,193.39
SHIP_7,2024-12-04 03:12:58.257996,2024-12-04 07:12:58.257996,4263.97,CRANE_1,210.92
SHIP_8,2024-11-19 06:38:10.257996,2024-11-19 12:38:10.257996,2520.51,CRANE_2,149.13
SHIP_9,2024-12-01 17:57:00.257996,2024-12-01 21:57:00.257996,3423.97,CRANE_3,151.26
SHIP_10,2024-11-18 13:25:33.257996,2024-11-18 15:25:33.257996,4756.54,CRANE_4,199.86
SHIP_11,2024-12-02 03:35:37.257996,2024-12-02 13:35:37.257996,1332.52,CRANE_5,137.54
SHIP_12,2024-11-25 05:42:03.257996,2024-11-25 16:42:03.257996,4608.95,CRANE_6,151.72
SHIP_1,2024-11-26 07:43:19.257996,2024-11-26 17:43:19.257996,2741.95,CRANE_1,223.7
SHIP_2,2024-11-16 16:56:09.257996,2024-11-17 01:56:09.257996,3707.1,CRANE_2,208.19
SHIP_3,2024-11-22 16:21:47.257996,2024-11-22 17:21:47.257996,2786.16,CRANE_3,125.76
SHIP_4,2024-11-26 09:51:14.257996,2024-11-26 12:51:14.257996,4198.1,CRANE_4,204.11
SHIP_5,2024-12-01 19:45:05.257996,2024-12-01 20:45:05.257996,3609.24,CRANE_5,169.15
SHIP_6,2024-11-25 02:02:13.257996,2024-11-25 11:02:13.257996,1181.65,CRANE_6,196.82
SHIP_7,2024-12-03 19:46:10.257996,2024-12-03 21:46:10.257996,4683.31,CRANE_1,91.85
SHIP_8,2024-11-22 22:24:32.257996,2024-11-23 00:24:32.257996,1988.74,CRANE_2,168.86
SHIP_9,2024-11-13 05:21:18.257996,2024-11-13 07:21:18.257996,1414.65,CRANE_3,163.1
SHIP_10,2024-11-23 20:57:40.257996,2024-11-23 23:57:40.257996,2398.72,CRANE_4,170.52
SHIP_11,2024-12-08 04:39:25.257996,2024-12-08 11:39:25.257996,4467.04,CRANE_5,126.23
SHIP_12,2024-11-30 06:47:42.257996,2024-11-30 16:47:42.257996,4147.56,CRANE_6,103.17
SHIP_1,2024-11-22 10:10:50.257996,2024-11-22 18:10:50.257996,2229.09,CRANE_1,87.88
SHIP_2,2024-12-09 02:18:40.257996,2024-12-09 11:18:40.257996,1996.84,CRANE_2,136.37
SHIP_3,2024-12-07 03:49:46.257996,2024-12-07 14:49:46.257996,1596.56,CRANE_3,181.78
SHIP_4,2024-11-14 14:14:05.257996,2024-11-14 17:14:05.257996,3828.36,CRANE_4,199.01
SHIP_5,2024-12-07 17:37:25.257996,2024-12-08 02:37:25.257996,2422.87,CRANE_5,185.66
SHIP_6,2024-11-14 11:54:41.257996,2024-11-14 16:54:41.257996,2528.54,CRANE_6,99.05
SHIP_7,2024-11-23 21:41:07.257996,2024-11-23 22:41:07.257996,4908.47,CRANE_1,181.71
SHIP_8,2024-11-18 04:05:10.257996,2024-11-18 06:05:10.257996,1750.27,CRANE_2,192.26
SHIP_9,2024-12-05 11:47:45.257996,2024-12-05 19:47:45.257996,4924.93,CRANE_3,71.36
SHIP_10,2024-12-08 16:15:59.257996,2024-12-08 17:15:59.257996,2278.15,CRANE_4,130.94
SHIP_11,2024-11-26 03:23:29.257996,2024-11-26 13:23:29.257996,2649.13,CRANE_5,133.88
SHIP_12,2024-12-07 17:10:43.257996,2024-12-07 21:10:43.257996,2949.96,CRANE_6,145.18
SHIP_1,2024-11-16 07:23:35.257996,2024-11-16 11:23:35.257996,3308.56,CRANE_1,108.76
SHIP_2,2024-11-27 02:15:52.257996,2024-11-27 11:15:52.257996,3953.2,CRANE_2,184.58
SHIP_3,2024-11-29 22:05:03.257996,2024-11-30 04:05:03.257996,1030.88,CRANE_3,139.85
SHIP_4,2024-11-24 00:25:46.257996,2024-11-24 07:25:46.257996,2188.68,CRANE_4,189.23
SHIP_5,2024-12-10 08:44:18.257996,2024-12-10 11:44:18.257996,3524.25,CRANE_5,96.15
SHIP_6,2024-11-28 10:14:15.257996,2024-11-28 20:14:15.257996,1849.37,CRANE_6,93.82
SHIP_7,2024-11-27 17:48:18.257996,2024-11-27 21:48:18.257996,1222.18,CRANE_1,198.99
SHIP_8,2024-12-10 19:25:55.257996,2024-12-10 21:25:55.257996,1877.63,CRANE_2,124.13
SHIP_9,2024-11-12 14:44:28.257996,2024-11-12 18:44:28.257996,2544.68,CRANE_3,228.54
SHIP_10,2024-12-03 11:42:49.257996,2024-12-03 17:42:49.257996,2070.42,CRANE_4,71.0
SHIP_11,2024-11-16 20:27:17.257996,2024-11-16 21:27:17.257996,4107.64,CRANE_5,60.5
SHIP_12,2024-12-05 01:13:40.257996,2024-12-05 06:13:40.257996,2661.86,CRANE_6,77.51
SHIP_1,2024-11-12 22:56:41.257996,2024-11-13 07:56:41.257996,1492.07,CRANE_1,144.75
SHIP_2,2024-12-06 17:32:50.257996,2024-12-07 04:32:50.257996,2071.84,CRANE_2,214.68
SHIP_3,2024-12-10 18:58:17.257996,2024-12-10 19:58:17.257996,4889.39,CRANE_3,93.21
SHIP_4,2024-12-10 02:37:52.257996,2024-12-10 11:37:52.257996,3259.43,CRANE_4,184.99
SHIP_5,2024-11-20 21:38:44.257996,2024-11-21 01:38:44.257996,4361.21,CRANE_5,219.89
SHIP_6,2024-11-20 01:22:14.257996,2024-11-20 10:22:14.257996,4826.78,CRANE_6,142.08
SHIP_7,2024-11-26 10:05:31.257996,2024-11-26 19:05:31.257996,2801.46,CRANE_1,159.57
SHIP_8,2024-11-24 04:26:14.257996,2024-11-24 08:26:14.257996,3188.23,CRANE_2,162.42
SHIP_9,2024-12-07 23:13:53.257996,2024-12-08 09:13:53.257996,4810.3,CRANE_3,133.15
SHIP_10,2024-11-17 23:54:00.257996,2024-11-18 07:54:00.257996,2849.36,CRANE_4,79.33
SHIP_11,2024-12-05 20:49:13.257996,2024-12-06 01:49:13.257996,4694.18,CRANE_5,209.76
SHIP_12,2024-12-09 20:39:44.257996,2024-12-09 23:39:44.257996,4074.47,CRANE_6,68.94
SHIP_1,2024-12-03 15:26:28.257996,2024-12-04 00:26:28.257996,1504.33,CRANE_1,72.39
SHIP_2,2024-11-12 04:17:19.257996,2024-11-12 05:17:19.257996,2419.72,CRANE_2,103.58
SHIP_3,2024-11-12 01:03:53.257996,2024-11-12 03:03:53.257996,3923.61,CRANE_3,61.57
SHIP_4,2024-11-16 08:53:16.257996,2024-11-16 10:53:16.257996,1597.95,CRANE_4,239.71
SHIP_5,2024-11-17 05:38:25.257996,2024-11-17 10:38:25.257996,3921.33,CRANE_5,226.23
SHIP_6,2024-12-07 12:35:01.257996,2024-12-07 13:35:01.257996,3831.6,CRANE_6,62.46
SHIP_7,2024-12-02 16:34:38.257996,2024-12-03 03:34:38.257996,3445.34,CRANE_1,94.88
SHIP_8,2024-12-09 03:25:56.257996,2024-12-09 10:25:56.257996,2894.3,CRANE_2,204.04
SHIP_9,2024-12-03 14:43:22.257996,2024-12-04 00:43:22.257996,1607.88,CRANE_3,76.39
SHIP_10,2024-11-30 11:22:35.257996,2024-11-30 18:22:35.257996,1840.81,CRANE_4,83.81
SHIP_11,2024-11-14 10:39:51.257996,2024-11-14 12:39:51.257996,4383.26,CRANE_5,63.53
SHIP_12,2024-12-04 09:10:31.258996,2024-12-04 12:10:31.258996,1056.7,CRANE_6,98.64
SHIP_1,2024-12-04 05:08:31.258996,2024-12-04 15:08:31.258996,2518.76,CRANE_1,158.68
SHIP_2,2024-11-12 16:16:08.258996,2024-11-12 17:16:08.258996,1034.66,CRANE_2,94.09
SHIP_3,2024-11-15 12:24:17.258996,2024-11-15 18:24:17.258996,4452.83,CRANE_3,151.48
SHIP_4,2024-12-03 07:25:53.258996,2024-12-03 12:25:53.258996,1264.48,CRANE_4,161.48
SHIP_5,2024-11-15 05:57:38.258996,2024-11-15 14:57:38.258996,2707.53,CRANE_5,83.73
SHIP_6,2024-11-19 13:01:55.258996,2024-11-19 22:01:55.258996,3963.3,CRANE_6,140.61
SHIP_7,2024-11-29 21:49:46.258996,2024-11-30 00:49:46.258996,4682.19,CRANE_1,114.76
SHIP_8,2024-11-18 15:24:47.258996,2024-11-18 22:24:47.258996,1902.07,CRANE_2,145.83
SHIP_9,2024-11-15 11:29:10.258996,2024-11-15 20:29:10.258996,1581.12,CRANE_3,119.5
SHIP_10,2024-11-24 11:43:26.258996,2024-11-24 21:43:26.258996,2211.09,CRANE_4,74.67
SHIP_11,2024-11-20 00:27:15.258996,2024-11-20 06:27:15.258996,4952.76,CRANE_5,142.51
SHIP_12,2024-11-26 13:09:19.258996,2024-11-26 18:09:19.258996,4680.65,CRANE_6,112.8
SHIP_1,2024-12-08 12:17:05.258996,2024-12-08 17:17:05.258996,3716.58,CRANE_1,71.19
SHIP_2,2024-12-08 23:15:11.258996,2024-12-09 00:15:11.258996,2772.47,CRANE_2,136.09
SHIP_3,2024-11-28 07:25:18.258996,2024-11-28 18:25:18.258996,2748.09,CRANE_3,63.71
SHIP_4,2024-12-04 23:26:14.258996,2024-12-05 08:26:14.258996,2305.61,CRANE_4,90.34
SHIP_5,2024-12-04 03:19:29.258996,2024-12-04 06:19:29.258996,4543.71,CRANE_5,177.81
SHIP_6,2024-11-15 22:38:58.258996,2024-11-16 08:38:58.258996,1072.63,CRANE_6,160.38
SHIP_7,2024-11-22 11:04:51.258996,2024-11-22 18:04:51.258996,4380.71,CRANE_1,208.49
SHIP_8,2024-12-10 19:30:08.258996,2024-12-11 00:30:08.258996,1342.8,CRANE_2,79.91
SHIP_9,2024-12-08 08:53:10.258996,2024-12-08 11:53:10.258996,4174.37,CRANE_3,114.42
SHIP_10,2024-11-29 06:52:10.258996,2024-11-29 07:52:10.258996,1986.06,CRANE_4,225.41
SHIP_11,2024-12-03 00:09:59.258996,2024-12-03 10:09:59.258996,4810.34,CRANE_5,206.45
SHIP_12,2024-12-01 17:12:00.258996,2024-12-01 20:12:00.258996,3607.73,CRANE_6,117.6
SHIP_1,2024-11-20 01:04:16.258996,2024-11-20 08:04:16.258996,3211.48,CRANE_1,74.37
SHIP_2,2024-11-24 10:21:49.258996,2024-11-24 15:21:49.258996,3803.79,CRANE_2,157.97
SHIP_3,2024-11-22 01:48:20.258996,2024-11-22 04:48:20.258996,3067.46,CRANE_3,176.94
SHIP_4,2024-12-02 20:21:29.258996,2024-12-02 22:21:29.258996,4179.04,CRANE_4,233.89
SHIP_5,2024-11-27 11:11:32.258996,2024-11-27 22:11:32.258996,3884.92,CRANE_5,223.55
SHIP_6,2024-11-28 09:52:51.258996,2024-11-28 13:52:51.258996,3174.76,CRANE_6,84.5
SHIP_7,2024-12-07 04:44:23.258996,2024-12-07 11:44:23.258996,1763.97,CRANE_1,181.7
SHIP_8,2024-12-04 19:11:35.258996,2024-12-05 01:11:35.258996,4755.99,CRANE_2,91.22
SHIP_9,2024-11-13 07:41:38.258996,2024-11-13 17:41:38.258996,2732.87,CRANE_3,156.21
SHIP_10,2024-11-12 15:08:56.258996,2024-11-13 01:08:56.258996,2475.92,CRANE_4,139.13
SHIP_11,2024-12-03 01:47:50.258996,2024-12-03 05:47:50.258996,4626.88,CRANE_5,90.32
SHIP_12,2024-11-12 05:04:32.258996,2024-11-12 15:04:32.258996,2706.04,CRANE_6,199.0
SHIP_1,2024-11-27 09:16:04.258996,2024-11-27 11:16:04.258996,2430.77,CRANE_1,154.56
SHIP_2,2024-11-29 08:26:01.258996,2024-11-29 17:26:01.258996,1959.42,CRANE_2,138.1
SHIP_3,2024-11-16 14:52:09.258996,2024-11-16 17:52:09.258996,4171.81,CRANE_3,119.49
SHIP_4,2024-11-30 04:53:20.258996,2024-11-30 07:53:20.258996,1530.37,CRANE_4,185.21
SHIP_5,2024-12-01 07:55:23.258996,2024-12-01 13:55:23.258996,4526.98,CRANE_5,174.38
SHIP_6,2024-11-25 19:05:56.258996,2024-11-26 05:05:56.258996,4212.89,CRANE_6,153.46
SHIP_7,2024-11-21 17:02:43.258996,2024-11-21 21:02:43.258996,3863.01,CRANE_1,92.0
SHIP_8,2024-11-29 13:01:38.258996,2024-11-30 00:01:38.258996,1854.23,CRANE_2,83.01
SHIP_9,2024-11-26 00:23:39.258996,2024-11-26 11:23:39.258996,2413.01,CRANE_3,191.13
SHIP_10,2024-12-10 08:18:54.258996,2024-12-10 09:18:54.258996,4818.96,CRANE_4,172.54
SHIP_11,2024-12-09 05:34:23.258996,2024-12-09 09:34:23.258996,4291.39,CRANE_5,208.31
SHIP_12,2024-12-01 17:03:59.258996,2024-12-02 03:03:59.258996,3700.83,CRANE_6,176.15
SHIP_1,2024-11-15 04:07:17.258996,2024-11-15 07:07:17.258996,3783.22,CRANE_1,170.34
SHIP_2,2024-12-10 00:46:16.258996,2024-12-10 07:46:16.258996,4661.48,CRANE_2,105.1
SHIP_3,2024-11-27 09:16:02.258996,2024-11-27 12:16:02.258996,1776.54,CRANE_3,119.45
SHIP_4,2024-11-28 13:47:32.258996,2024-11-28 23:47:32.258996,1105.82,CRANE_4,86.97
SHIP_5,2024-12-04 01:27:48.258996,2024-12-04 04:27:48.258996,1848.57,CRANE_5,142.5
SHIP_6,2024-11-27 12:15:29.258996,2024-11-27 18:15:29.258996,2005.75,CRANE_6,162.89
SHIP_7,2024-12-01 06:31:19.258996,2024-12-01 10:31:19.258996,1216.85,CRANE_1,79.6
SHIP_8,2024-11-29 00:00:13.258996,2024-11-29 01:00:13.258996,2589.79,CRANE_2,138.26
SHIP_9,2024-11-19 11:23:54.258996,2024-11-19 15:23:54.258996,3179.7,CRANE_3,236.38
SHIP_10,2024-11-19 03:31:52.258996,2024-11-19 10:31:52.258996,4070.02,CRANE_4,238.91
SHIP_11,2024-11-27 10:31:09.258996,2024-11-27 16:31:09.258996,4915.36,CRANE_5,215.71
SHIP_12,2024-11-20 04:51:39.258996,2024-11-20 15:51:39.258996,1170.85,CRANE_6,161.13
SHIP_1,2024-11-12 15:35:01.258996,2024-11-12 17:35:01.258996,1369.32,CRANE_1,168.21
SHIP_2,2024-12-06 19:51:02.258996,2024-12-06 22:51:02.258996,4080.26,CRANE_2,205.2
SHIP_3,2024-11-12 11:45:27.258996,2024-11-12 21:45:27.258996,2002.18,CRANE_3,167.84
SHIP_4,2024-11-25 02:49:36.258996,2024-11-25 11:49:36.258996,3525.03,CRANE_4,229.72
SHIP_5,2024-11-16 21:56:59.258996,2024-11-17 02:56:59.258996,1442.14,CRANE_5,144.85
SHIP_6,2024-11-16 12:58:25.258996,2024-11-16 15:58:25.258996,4856.63,CRANE_6,187.76
SHIP_7,2024-12-01 07:41:21.258996,2024-12-01 09:41:21.258996,2892.94,CRANE_1,63.4
SHIP_8,2024-12-09 08:23:16.258996,2024-12-09 13:23:16.258996,2705.48,CRANE_2,166.24
SHIP_9,2024-11-28 08:47:33.259990,2024-11-28 18:47:33.259990,4744.31,CRANE_3,117.79
SHIP_10,2024-11-28 20:36:15.259990,2024-11-29 00:36:15.259990,2642.36,CRANE_4,117.96
SHIP_11,2024-11-21 14:10:58.259990,2024-11-21 22:10:58.259990,2581.77,CRANE_5,81.07
SHIP_12,2024-11-28 13:53:43.259990,2024-11-28 19:53:43.259990,2612.29,CRANE_6,141.37
SHIP_1,2024-12-03 11:18:17.259990,2024-12-03 22:18:17.259990,4180.43,CRANE_1,142.02
SHIP_2,2024-11-15 16:52:53.259990,2024-11-15 20:52:53.259990,3237.6,CRANE_2,90.07
SHIP_3,2024-12-01 10:45:56.259990,2024-12-01 11:45:56.259990,1924.8,CRANE_3,143.59
SHIP_4,2024-12-09 18:26:41.259990,2024-12-10 05:26:41.259990,4282.49,CRANE_4,89.5
SHIP_5,2024-12-03 01:09:57.259990,2024-12-03 04:09:57.259990,2998.88,CRANE_5,231.84
SHIP_6,2024-12-09 05:24:45.259990,2024-12-09 06:24:45.259990,1496.91,CRANE_6,104.62
SHIP_7,2024-11-14 20:22:17.259990,2024-11-14 21:22:17.259990,1086.9,CRANE_1,236.59
SHIP_8,2024-12-03 07:57:57.259990,2024-12-03 09:57:57.259990,3996.69,CRANE_2,60.06
SHIP_9,2024-12-06 08:26:32.259990,2024-12-06 15:26:32.259990,1784.95,CRANE_3,87.65
SHIP_10,2024-12-09 03:33:25.259990,2024-12-09 04:33:25.259990,1863.2,CRANE_4,238.21
SHIP_11,2024-12-05 00:59:09.259990,2024-12-05 09:59:09.259990,3966.24,CRANE_5,195.09
SHIP_12,2024-11-28 16:14:10.259990,2024-11-28 19:14:10.259990,3669.68,CRANE_6,224.77
SHIP_1,2024-11-18 11:53:28.259990,2024-11-18 13:53:28.259990,1877.86,CRANE_1,210.96
SHIP_2,2024-11-29 23:38:25.259990,2024-11-30 07:38:25.259990,1016.04,CRANE_2,179.78
SHIP_3,2024-11-14 16:02:20.259990,2024-11-15 01:02:20.259990,1526.51,CRANE_3,183.06
SHIP_4,2024-12-07 22:19:43.259990,2024-12-08 01:19:43.259990,3650.8,CRANE_4,120.54
SHIP_5,2024-12-03 04:48:12.259990,2024-12-03 07:48:12.259990,3288.2,CRANE_5,111.65
SHIP_6,2024-12-08 14:42:31.259990,2024-12-08 17:42:31.259990,3311.8,CRANE_6,209.0
SHIP_7,2024-12-07 09:07:21.259990,2024-12-07 11:07:21.259990,3910.77,CRANE_1,122.13
SHIP_8,2024-12-06 17:33:36.259990,2024-12-06 23:33:36.259990,3918.03,CRANE_2,224.64
SHIP_9,2024-12-06 20:48:34.259990,2024-12-06 21:48:34.259990,1194.83,CRANE_3,77.58
SHIP_10,2024-12-03 09:54:54.259990,2024-12-03 11:54:54.259990,3495.28,CRANE_4,126.74
SHIP_11,2024-11-25 03:58:45.259990,2024-11-25 09:58:45.259990,3195.96,CRANE_5,102.61
SHIP_12,2024-11-19 10:54:49.259990,2024-11-19 12:54:49.259990,3682.86,CRANE_6,126.68
SHIP_1,2024-12-08 16:16:00.259990,2024-12-08 18:16:00.259990,3179.75,CRANE_1,174.42
SHIP_2,2024-11-29 13:48:19.259990,2024-11-29 19:48:19.259990,4942.35,CRANE_2,67.76
SHIP_3,2024-12-10 13:51:45.259990,2024-12-10 22:51:45.259990,1991.65,CRANE_3,239.97
SHIP_4,2024-12-03 06:55:28.259990,2024-12-03 10:55:28.259990,1727.48,CRANE_4,101.44
SHIP_5,2024-11-20 11:55:45.259990,2024-11-20 17:55:45.259990,4262.87,CRANE_5,222.25
SHIP_6,2024-12-09 05:03:50.259990,2024-12-09 10:03:50.259990,1384.96,CRANE_6,105.59
SHIP_7,2024-11-27 18:07:38.259990,2024-11-28 01:07:38.259990,3501.98,CRANE_1,222.29
SHIP_8,2024-11-26 17:45:04.259990,2024-11-26 18:45:04.259990,1358.18,CRANE_2,132.53
SHIP_9,2024-11-28 01:21:19.259990,2024-11-28 08:21:19.259990,4525.81,CRANE_3,216.23
SHIP_10,2024-12-09 06:23:37.259990,2024-12-09 12:23:37.259990,4147.95,CRANE_4,213.61
SHIP_11,2024-12-07 20:49:00.259990,2024-12-08 04:49:00.259990,4381.78,CRANE_5,234.89
SHIP_12,2024-12-01 11:43:57.259990,2024-12-01 21:43:57.259990,1320.57,CRANE_6,168.83
SHIP_1,2024-11-28 12:02:50.259990,2024-11-28 17:02:50.259990,4706.82,CRANE_1,166.37
SHIP_2,2024-12-03 08:51:10.259990,2024-12-03 19:51:10.259990,2836.05,CRANE_2,219.39
SHIP_3,2024-11-23 09:52:13.259990,2024-11-23 13:52:13.259990,2636.79,CRANE_3,87.83
SHIP_4,2024-12-06 00:11:16.259990,2024-12-06 02:11:16.259990,2465.66,CRANE_4,223.34
SHIP_5,2024-12-10 06:37:16.259990,2024-12-10 16:37:16.259990,2513.41,CRANE_5,115.66
SHIP_6,2024-11-17 15:57:22.259990,2024-11-17 23:57:22.259990,2609.52,CRANE_6,154.99
SHIP_7,2024-11-25 15:37:12.259990,2024-11-25 22:37:12.259990,1712.04,CRANE_1,162.87
SHIP_8,2024-11-29 02:05:12.259990,2024-11-29 08:05:12.259990,2787.82,CRANE_2,233.57
SHIP_9,2024-11-27 13:49:44.259990,2024-11-27 21:49:44.259990,2319.13,CRANE_3,167.61
SHIP_10,2024-11-30 00:56:33.259990,2024-11-30 04:56:33.259990,3465.37,CRANE_4,208.65
SHIP_11,2024-11-16 21:41:18.259990,2024-11-17 01:41:18.259990,1934.69,CRANE_5,89.55
SHIP_12,2024-11-16 13:53:42.259990,2024-11-16 20:53:42.259990,2508.15,CRANE_6,239.07
SHIP_1,2024-11-26 22:51:09.259990,2024-11-27 00:51:09.259990,3483.77,CRANE_1,202.77
SHIP_2,2024-11-17 23:47:40.259990,2024-11-18 05:47:40.259990,4554.3,CRANE_2,108.98
SHIP_3,2024-11-29 14:27:45.259990,2024-11-29 22:27:45.259990,2724.95,CRANE_3,82.47
SHIP_4,2024-11-24 19:52:08.259990,2024-11-25 03:52:08.259990,1074.43,CRANE_4,228.77
SHIP_5,2024-12-08 19:39:53.259990,2024-12-09 03:39:53.259990,2663.11,CRANE_5,117.37
SHIP_6,2024-11-17 04:34:17.259990,2024-11-17 05:34:17.259990,3031.63,CRANE_6,67.83
SHIP_7,2024-11-20 04:20:13.259990,2024-11-20 09:20:13.259990,3633.39,CRANE_1,164.11
SHIP_8,2024-11-13 04:40:45.259990,2024-11-13 08:40:45.259990,4461.06,CRANE_2,69.23
SHIP_9,2024-11-20 13:52:57.259990,2024-11-21 00:52:57.259990,4047.63,CRANE_3,191.95
SHIP_10,2024-11-13 05:45:49.259990,2024-11-13 12:45:49.259990,2109.41,CRANE_4,118.16
SHIP_11,2024-12-03 08:19:43.259990,2024-12-03 09:19:43.259990,4100.37,CRANE_5,230.41
SHIP_12,2024-11-15 10:16:39.259990,2024-11-15 12:16:39.259990,2906.65,CRANE_6,117.01
SHIP_1,2024-11-16 20:07:13.259990,2024-11-16 21:07:13.259990,4058.03,CRANE_1,124.36
SHIP_2,2024-12-03 15:08:10.259990,2024-12-04 01:08:10.259990,1417.22,CRANE_2,131.42
SHIP_3,2024-12-04 14:52:35.259990,2024-12-05 01:52:35.259990,2926.02,CRANE_3,149.28
SHIP_4,2024-11-25 23:20:31.259990,2024-11-26 05:20:31.259990,2303.47,CRANE_4,238.79
SHIP_5,2024-11-30 11:31:59.259990,2024-11-30 22:31:59.259990,3373.93,CRANE_5,117.26
SHIP_6,2024-12-02 07:28:41.260987,2024-12-02 16:28:41.260987,4041.29,CRANE_6,80.96
SHIP_7,2024-12-04 12:11:32.260987,2024-12-04 21:11:32.260987,1340.36,CRANE_1,62.19
SHIP_8,2024-11-21 03:59:05.260987,2024-11-21 11:59:05.260987,1211.8,CRANE_2,184.98
SHIP_9,2024-11-12 02:41:09.260987,2024-11-12 10:41:09.260987,4609.58,CRANE_3,237.08
SHIP_10,2024-11-25 14:08:37.260987,2024-11-25 21:08:37.260987,3628.97,CRANE_4,193.74
SHIP_11,2024-12-08 01:14:52.260987,2024-12-08 04:14:52.260987,4716.71,CRANE_5,122.04
SHIP_12,2024-11-28 01:34:48.260987,2024-11-28 02:34:48.260987,4558.97,CRANE_6,112.19
SHIP_1,2024-11-16 09:26:05.260987,2024-11-16 18:26:05.260987,4767.18,CRANE_1,73.31
SHIP_2,2024-11-18 10:53:08.260987,2024-11-18 15:53:08.260987,3476.05,CRANE_2,89.5
SHIP_3,2024-11-12 07:47:20.260987,2024-11-12 18:47:20.260987,4757.1,CRANE_3,74.3
SHIP_4,2024-11-24 05:01:46.260987,2024-11-24 12:01:46.260987,2134.23,CRANE_4,208.23
SHIP_5,2024-11-20 13:40:59.260987,2024-11-20 22:40:59.260987,4022.84,CRANE_5,234.02
SHIP_6,2024-11-18 06:43:30.260987,2024-11-18 11:43:30.260987,3838.17,CRANE_6,60.06
SHIP_7,2024-12-01 09:23:48.260987,2024-12-01 18:23:48.260987,2656.38,CRANE_1,116.37
SHIP_8,2024-12-09 22:12:04.260987,2024-12-10 06:12:04.260987,1367.35,CRANE_2,86.71
SHIP_9,2024-12-10 14:36:55.260987,2024-12-10 16:36:55.260987,3182.65,CRANE_3,140.01
SHIP_10,2024-11-12 11:46:57.260987,2024-11-12 19:46:57.260987,2081.48,CRANE_4,201.38
SHIP_11,2024-12-02 23:35:30.260987,2024-12-03 07:35:30.260987,1491.69,CRANE_5,170.38
SHIP_12,2024-11-26 03:08:53.260987,2024-11-26 08:08:53.260987,2876.31,CRANE_6,186.6
SHIP_1,2024-11-27 07:55:14.260987,2024-11-27 12:55:14.260987,3952.85,CRANE_1,83.15
SHIP_2,2024-11-20 18:45:57.260987,2024-11-21 02:45:57.260987,2985.33,CRANE_2,128.21
SHIP_3,2024-11-30 18:57:50.260987,2024-12-01 05:57:50.260987,1988.28,CRANE_3,199.21
SHIP_4,2024-12-06 04:13:51.260987,2024-12-06 10:13:51.260987,1625.82,CRANE_4,91.24
SHIP_5,2024-12-01 16:40:57.260987,2024-12-01 19:40:57.260987,3371.49,CRANE_5,225.25
SHIP_6,2024-11-23 23:30:34.260987,2024-11-24 07:30:34.260987,2369.49,CRANE_6,93.78
SHIP_7,2024-11-12 07:43:08.260987,2024-11-12 17:43:08.260987,4719.01,CRANE_1,64.6
SHIP_8,2024-12-01 03:54:56.260987,2024-12-01 10:54:56.260987,1673.15,CRANE_2,60.68
SHIP_9,2024-11-14 05:02:17.260987,2024-11-14 12:02:17.260987,1466.2,CRANE_3,93.61
SHIP_10,2024-11-28 01:14:25.260987,2024-11-28 11:14:25.260987,4080.55,CRANE_4,103.15
SHIP_11,2024-12-06 02:43:46.260987,2024-12-06 13:43:46.260987,3250.55,CRANE_5,203.63
SHIP_12,2024-11-14 20:21:45.260987,2024-11-14 23:21:45.260987,4301.76,CRANE_6,73.98
SHIP_1,2024-12-02 20:14:57.260987,2024-12-02 22:14:57.260987,4043.11,CRANE_1,215.68
SHIP_2,2024-11-20 15:24:36.260987,2024-11-20 22:24:36.260987,2375.76,CRANE_2,228.91
SHIP_3,2024-12-01 06:58:05.260987,2024-12-01 14:58:05.260987,3513.99,CRANE_3,101.17
SHIP_4,2024-11-23 15:15:36.260987,2024-11-23 16:15:36.260987,2920.38,CRANE_4,60.06
SHIP_5,2024-11-28 00:25:45.260987,2024-11-28 07:25:45.260987,2741.6,CRANE_5,145.71
SHIP_6,2024-11-13 04:26:04.260987,2024-11-13 05:26:04.260987,3646.43,CRANE_6,114.45
SHIP_7,2024-11-21 06:31:16.260987,2024-11-21 08:31:16.260987,3131.35,CRANE_1,185.53
SHIP_8,2024-11-24 20:52:48.260987,2024-11-25 06:52:48.260987,1956.67,CRANE_2,136.45
SHIP_9,2024-12-10 10:42:02.260987,2024-12-10 11:42:02.260987,2752.46,CRANE_3,158.36
SHIP_10,2024-11-28 20:42:52.260987,2024-11-29 07:42:52.260987,3751.19,CRANE_4,223.8
SHIP_11,2024-11-16 20:04:03.260987,2024-11-17 07:04:03.260987,4680.27,CRANE_5,179.57
SHIP_12,2024-11-19 01:46:35.260987,2024-11-19 11:46:35.260987,1198.69,CRANE_6,76.12
SHIP_1,2024-12-09 17:28:14.260987,2024-12-10 03:28:14.260987,1535.88,CRANE_1,88.46
SHIP_2,2024-11-24 21:01:52.260987,2024-11-25 08:01:52.260987,4127.8,CRANE_2,176.34
SHIP_3,2024-11-13 06:12:40.260987,2024-11-13 11:12:40.260987,4962.11,CRANE_3,64.07
SHIP_4,2024-11-18 03:03:51.260987,2024-11-18 13:03:51.260987,4903.84,CRANE_4,81.97
SHIP_5,2024-11-25 22:58:40.260987,2024-11-26 08:58:40.260987,3849.81,CRANE_5,110.47
SHIP_6,2024-11-24 21:28:59.260987,2024-11-25 08:28:59.260987,4000.34,CRANE_6,134.08
SHIP_7,2024-11-28 10:23:31.260987,2024-11-28 19:23:31.260987,2090.24,CRANE_1,230.66
SHIP_8,2024-11-12 01:09:39.260987,2024-11-12 12:09:39.260987,1754.25,CRANE_2,77.31
SHIP_9,2024-11-26 15:15:12.260987,2024-11-26 17:15:12.260987,1808.94,CRANE_3,219.59
SHIP_10,2024-12-10 07:14:55.260987,2024-12-10 10:14:55.260987,2088.76,CRANE_4,216.46
SHIP_11,2024-12-03 01:31:26.260987,2024-12-03 08:31:26.260987,2216.4,CRANE_5,172.46
SHIP_12,2024-12-01 03:47:40.260987,2024-12-01 10:47:40.260987,4736.14,CRANE_6,85.86
SHIP_1,2024-12-07 12:13:01.260987,2024-12-07 14:13:01.260987,3018.4,CRANE_1,165.33
SHIP_2,2024-11-14 10:10:11.260987,2024-11-14 19:10:11.260987,2420.52,CRANE_2,91.4
SHIP_3,2024-12-07 18:06:26.260987,2024-12-08 01:06:26.260987,2066.67,CRANE_3,113.02
SHIP_4,2024-11-21 14:44:59.260987,2024-11-21 17:44:59.260987,3465.2,CRANE_4,108.78
SHIP_5,2024-12-01 20:38:18.260987,2024-12-01 21:38:18.260987,1319.61,CRANE_5,195.19
SHIP_6,2024-11-27 01:09:29.260987,2024-11-27 08:09:29.260987,2803.24,CRANE_6,157.04
SHIP_7,2024-12-09 19:26:18.260987,2024-12-10 06:26:18.260987,2040.18,CRANE_1,165.79
SHIP_8,2024-12-06 05:48:21.260987,2024-12-06 07:48:21.260987,1471.54,CRANE_2,62.59
SHIP_9,2024-11-12 19:08:10.260987,2024-11-13 02:08:10.260987,3033.8,CRANE_3,199.1
SHIP_10,2024-12-02 03:39:17.260987,2024-12-02 13:39:17.260987,1690.59,CRANE_4,177.47
SHIP_11,2024-11-29 18:33:31.260987,2024-11-29 20:33:31.260987,4132.87,CRANE_5,208.85
SHIP_12,2024-11-24 21:59:42.260987,2024-11-25 02:59:42.260987,2896.23,CRANE_6,61.84
SHIP_1,2024-11-22 01:46:13.260987,2024-11-22 11:46:13.260987,1463.65,CRANE_1,229.47
SHIP_2,2024-12-01 22:13:21.260987,2024-12-02 02:13:21.260987,3652.56,CRANE_2,138.31
SHIP_3,2024-11-27 15:40:19.260987,2024-11-28 01:40:19.260987,2715.88,CRANE_3,225.39
SHIP_4,2024-11-24 19:17:18.261984,2024-11-25 00:17:18.261984,4205.59,CRANE_4,150.32
SHIP_5,2024-12-03 02:26:14.261984,2024-12-03 09:26:14.261984,4837.39,CRANE_5,193.57
SHIP_6,2024-11-26 12:34:38.261984,2024-11-26 15:34:38.261984,3614.35,CRANE_6,96.15
SHIP_7,2024-11-16 12:47:01.261984,2024-11-16 20:47:01.261984,1253.35,CRANE_1,82.6
SHIP_8,2024-11-30 23:28:07.261984,2024-12-01 10:28:07.261984,1556.28,CRANE_2,224.95
SHIP_9,2024-12-03 06:28:23.261984,2024-12-03 08:28:23.261984,1888.95,CRANE_3,145.98
SHIP_10,2024-11-15 14:29:40.261984,2024-11-16 00:29:40.261984,3840.84,CRANE_4,146.96
SHIP_11,2024-11-30 08:27:48.261984,2024-11-30 14:27:48.261984,3077.65,CRANE_5,110.21
SHIP_12,2024-11-17 03:35:43.261984,2024-11-17 12:35:43.261984,2563.46,CRANE_6,89.63
SHIP_1,2024-11-17 21:19:02.261984,2024-11-18 02:19:02.261984,4073.73,CRANE_1,150.5
SHIP_2,2024-12-02 16:20:14.261984,2024-12-02 23:20:14.261984,2614.79,CRANE_2,187.9
SHIP_3,2024-11-27 04:47:29.261984,2024-11-27 14:47:29.261984,4201.36,CRANE_3,137.11
SHIP_4,2024-11-19 23:05:39.261984,2024-11-20 07:05:39.261984,1456.37,CRANE_4,97.28
SHIP_5,2024-11-14 09:34:11.261984,2024-11-14 19:34:11.261984,4056.58,CRANE_5,126.86
SHIP_6,2024-12-05 11:48:32.261984,2024-12-05 16:48:32.261984,2145.53,CRANE_6,93.7
SHIP_7,2024-11-19 20:55:24.261984,2024-11-20 03:55:24.261984,2552.2,CRANE_1,184.93
SHIP_8,2024-11-22 19:44:56.261984,2024-11-22 20:44:56.261984,2860.95,CRANE_2,202.59
SHIP_9,2024-12-10 05:02:22.261984,2024-12-10 09:02:22.261984,1088.48,CRANE_3,184.12
SHIP_10,2024-11-12 03:11:32.261984,2024-11-12 09:11:32.261984,1803.6,CRANE_4,89.59
SHIP_11,2024-12-02 13:41:31.261984,2024-12-02 14:41:31.261984,3596.88,CRANE_5,124.81
SHIP_12,2024-11-16 23:09:46.261984,2024-11-17 08:09:46.261984,3375.19,CRANE_6,175.59
SHIP_1,2024-12-07 01:31:12.261984,2024-12-07 07:31:12.261984,1392.31,CRANE_1,224.19
SHIP_2,2024-11-12 04:48:16.261984,2024-11-12 11:48:16.261984,3766.12,CRANE_2,135.27
SHIP_3,2024-11-12 22:57:45.261984,2024-11-13 05:57:45.261984,1020.94,CRANE_3,233.24
SHIP_4,2024-11-29 00:50:05.261984,2024-11-29 11:50:05.261984,2266.55,CRANE_4,214.24
SHIP_5,2024-12-04 22:15:40.261984,2024-12-05 05:15:40.261984,4831.05,CRANE_5,111.93
SHIP_6,2024-11-15 18:06:26.261984,2024-11-16 00:06:26.261984,3837.82,CRANE_6,149.98
SHIP_7,2024-11-12 23:45:26.261984,2024-11-13 10:45:26.261984,4877.33,CRANE_1,149.99
SHIP_8,2024-11-29 06:36:47.261984,2024-11-29 16:36:47.261984,2547.32,CRANE_2,172.72
SHIP_9,2024-11-24 05:11:51.261984,2024-11-24 15:11:51.261984,2457.05,CRANE_3,193.11
SHIP_10,2024-11-28 06:05:22.261984,2024-11-28 17:05:22.261984,4397.61,CRANE_4,101.25
SHIP_11,2024-12-10 12:07:34.261984,2024-12-10 22:07:34.261984,4945.49,CRANE_5,133.05
SHIP_12,2024-11-16 19:10:16.261984,2024-11-16 23:10:16.261984,3967.86,CRANE_6,208.66
SHIP_1,2024-12-10 02:18:01.261984,2024-12-10 09:18:01.261984,1312.67,CRANE_1,220.6
SHIP_2,2024-12-05 05:42:02.261984,2024-12-05 16:42:02.261984,1737.08,CRANE_2,225.26
SHIP_3,2024-12-06 14:04:58.261984,2024-12-07 00:04:58.261984,1466.22,CRANE_3,181.1
SHIP_4,2024-11-13 16:09:49.261984,2024-11-13 21:09:49.261984,3533.6,CRANE_4,123.54
SHIP_5,2024-11-29 11:23:20.261984,2024-11-29 14:23:20.261984,3802.06,CRANE_5,180.21
SHIP_6,2024-12-10 00:41:15.261984,2024-12-10 08:41:15.261984,4734.66,CRANE_6,208.84
SHIP_7,2024-11-18 09:57:48.261984,2024-11-18 12:57:48.261984,2548.76,CRANE_1,198.48
SHIP_8,2024-11-16 16:48:58.261984,2024-11-16 21:48:58.261984,2036.31,CRANE_2,90.04
SHIP_9,2024-11-30 16:24:55.261984,2024-12-01 00:24:55.261984,3708.17,CRANE_3,186.89
SHIP_10,2024-11-13 00:10:11.261984,2024-11-13 09:10:11.261984,4293.18,CRANE_4,114.85
SHIP_11,2024-12-05 06:45:43.261984,2024-12-05 11:45:43.261984,1671.2,CRANE_5,111.38
SHIP_12,2024-12-07 19:46:34.261984,2024-12-07 20:46:34.261984,4746.4,CRANE_6,168.06
SHIP_1,2024-11-18 01:32:26.261984,2024-11-18 10:32:26.261984,1808.11,CRANE_1,175.23
SHIP_2,2024-11-13 20:42:42.261984,2024-11-14 00:42:42.261984,3865.23,CRANE_2,72.27
SHIP_3,2024-11-25 19:44:33.261984,2024-11-25 20:44:33.261984,2666.35,CRANE_3,161.96
SHIP_4,2024-11-23 17:00:37.261984,2024-11-23 22:00:37.261984,3217.02,CRANE_4,225.56
SHIP_5,2024-12-10 09:02:17.261984,2024-12-10 11:02:17.261984,4289.91,CRANE_5,196.99
SHIP_6,2024-11-12 13:19:00.261984,2024-11-12 18:19:00.261984,2995.72,CRANE_6,127.11
SHIP_7,2024-11-19 02:50:03.261984,2024-11-19 07:50:03.261984,3615.15,CRANE_1,106.97
SHIP_8,2024-11-14 23:00:06.261984,2024-11-15 04:00:06.261984,1553.03,CRANE_2,216.87
SHIP_9,2024-11-29 18:55:10.261984,2024-11-29 21:55:10.261984,3729.97,CRANE_3,195.55
SHIP_10,2024-11-13 03:58:34.261984,2024-11-13 11:58:34.261984,2503.4,CRANE_4,174.95
SHIP_11,2024-11-22 13:43:18.261984,2024-11-22 14:43:18.261984,1956.27,CRANE_5,104.79
SHIP_12,2024-11-29 00:50:57.261984,2024-11-29 10:50:57.261984,3225.6,CRANE_6,65.44
SHIP_1,2024-12-09 16:25:36.261984,2024-12-10 01:25:36.261984,4989.74,CRANE_1,188.42
SHIP_2,2024-11-29 19:27:19.261984,2024-11-29 22:27:19.261984,2091.64,CRANE_2,61.18
SHIP_3,2024-11-24 19:24:03.261984,2024-11-24 20:24:03.261984,3622.81,CRANE_3,112.98
SHIP_4,2024-12-07 03:52:23.261984,2024-12-07 09:52:23.261984,1016.22,CRANE_4,95.77
SHIP_5,2024-11-23 00:17:19.261984,2024-11-23 09:17:19.261984,1722.69,CRANE_5,209.17
SHIP_6,2024-12-10 14:30:53.261984,2024-12-10 21:30:53.261984,4427.32,CRANE_6,154.7
SHIP_7,2024-12-05 07:36:25.261984,2024-12-05 18:36:25.261984,3685.61,CRANE_1,161.83
SHIP_8,2024-11-18 20:52:28.261984,2024-11-19 02:52:28.261984,3922.49,CRANE_2,195.28
SHIP_9,2024-11-20 13:15:55.262982,2024-11-20 16:15:55.262982,1191.12,CRANE_3,221.12
SHIP_10,2024-11-13 13:26:38.262982,2024-11-13 16:26:38.262982,4982.25,CRANE_4,177.29
SHIP_11,2024-12-10 21:41:11.262982,2024-12-11 06:41:11.262982,1881.03,CRANE_5,113.09
SHIP_12,2024-12-07 22:38:55.262982,2024-12-08 01:38:55.262982,1742.26,CRANE_6,188.6
SHIP_1,2024-12-06 15:00:49.262982,2024-12-06 21:00:49.262982,1489.1,CRANE_1,223.69
SHIP_2,2024-11-26 10:01:58.262982,2024-11-26 11:01:58.262982,4833.58,CRANE_2,87.52
SHIP_3,2024-11-27 23:11:25.262982,2024-11-28 10:11:25.262982,3093.78,CRANE_3,177.29
SHIP_4,2024-11-13 08:28:58.262982,2024-11-13 15:28:58.262982,2086.31,CRANE_4,230.63
SHIP_5,2024-11-19 11:03:06.262982,2024-11-19 16:03:06.262982,4266.49,CRANE_5,95.79
SHIP_6,2024-11-19 23:29:20.262982,2024-11-20 01:29:20.262982,2730.96,CRANE_6,180.91
SHIP_7,2024-11-29 14:49:11.262982,2024-11-29 23:49:11.262982,2501.07,CRANE_1,155.92
SHIP_8,2024-11-24 02:47:45.262982,2024-11-24 07:47:45.262982,2125.26,CRANE_2,189.55
SHIP_9,2024-12-08 06:23:38.262982,2024-12-08 07:23:38.262982,3845.45,CRANE_3,76.48
SHIP_10,2024-11-15 02:22:55.262982,2024-11-15 12:22:55.262982,1536.02,CRANE_4,202.26
SHIP_11,2024-11-29 21:38:10.262982,2024-11-30 07:38:10.262982,3623.42,CRANE_5,75.36
SHIP_12,2024-12-05 13:52:45.262982,2024-12-05 21:52:45.262982,1620.59,CRANE_6,203.18
SHIP_1,2024-11-23 19:56:58.262982,2024-11-24 06:56:58.262982,1917.28,CRANE_1,216.48
SHIP_2,2024-11-15 16:51:00.262982,2024-11-16 01:51:00.262982,1961.01,CRANE_2,165.83
SHIP_3,2024-12-06 00:44:45.262982,2024-12-06 02:44:45.262982,1769.69,CRANE_3,109.31
SHIP_4,2024-11-19 21:45:56.262982,2024-11-20 03:45:56.262982,3839.41,CRANE_4,221.97
SHIP_5,2024-11-23 02:17:28.262982,2024-11-23 11:17:28.262982,2107.38,CRANE_5,169.53
SHIP_6,2024-11-15 03:50:28.262982,2024-11-15 06:50:28.262982,3999.28,CRANE_6,166.85
SHIP_7,2024-11-27 10:59:50.262982,2024-11-27 14:59:50.262982,2981.4,CRANE_1,217.61
SHIP_8,2024-12-07 14:06:38.262982,2024-12-08 01:06:38.262982,1775.03,CRANE_2,169.12
SHIP_9,2024-11-17 17:54:32.262982,2024-11-18 01:54:32.262982,1863.0,CRANE_3,112.82
SHIP_10,2024-11-24 06:22:07.262982,2024-11-24 08:22:07.262982,1450.96,CRANE_4,60.62
SHIP_11,2024-11-27 04:20:16.262982,2024-11-27 13:20:16.262982,3956.26,CRANE_5,126.63
SHIP_12,2024-11-18 17:55:20.262982,2024-11-18 23:55:20.262982,2285.57,CRANE_6,72.16
SHIP_1,2024-12-10 09:23:32.262982,2024-12-10 10:23:32.262982,1556.57,CRANE_1,96.03
SHIP_2,2024-12-07 17:49:16.262982,2024-12-08 00:49:16.262982,3135.75,CRANE_2,108.31
SHIP_3,2024-12-10 11:58:32.262982,2024-12-10 12:58:32.262982,4772.03,CRANE_3,127.3
SHIP_4,2024-11-29 13:03:34.262982,2024-11-29 22:03:34.262982,4655.61,CRANE_4,125.45
SHIP_5,2024-11-16 13:11:37.262982,2024-11-16 21:11:37.262982,1677.11,CRANE_5,150.08
SHIP_6,2024-11-18 09:31:47.262982,2024-11-18 15:31:47.262982,1981.01,CRANE_6,196.91
SHIP_7,2024-11-14 00:18:08.262982,2024-11-14 09:18:08.262982,2489.44,CRANE_1,91.11
SHIP_8,2024-12-01 16:14:54.262982,2024-12-02 00:14:54.262982,2681.81,CRANE_2,122.09
SHIP_9,2024-12-03 00:20:43.262982,2024-12-03 09:20:43.262982,3944.22,CRANE_3,78.66
SHIP_10,2024-12-10 19:28:04.262982,2024-12-11 01:28:04.262982,2177.22,CRANE_4,105.68
SHIP_11,2024-12-07 05:18:24.262982,2024-12-07 10:18:24.262982,2183.06,CRANE_5,106.31
SHIP_12,2024-11-15 05:28:59.262982,2024-11-15 14:28:59.262982,1893.58,CRANE_6,119.54
SHIP_1,2024-11-22 02:43:51.262982,2024-11-22 10:43:51.262982,4478.07,CRANE_1,89.91
SHIP_2,2024-12-04 15:20:34.262982,2024-12-04 21:20:34.262982,4030.66,CRANE_2,82.42
SHIP_3,2024-11-17 17:40:39.262982,2024-11-17 22:40:39.262982,3572.95,CRANE_3,208.54
SHIP_4,2024-11-17 05:13:43.262982,2024-11-17 06:13:43.262982,3876.57,CRANE_4,78.69
SHIP_5,2024-12-08 06:24:47.262982,2024-12-08 13:24:47.262982,3585.51,CRANE_5,218.81
SHIP_6,2024-11-30 04:56:54.262982,2024-11-30 13:56:54.262982,4660.4,CRANE_6,68.65
SHIP_7,2024-12-04 05:19:15.262982,2024-12-04 13:19:15.262982,4231.57,CRANE_1,205.39
SHIP_8,2024-11-28 04:20:22.262982,2024-11-28 06:20:22.262982,4080.94,CRANE_2,177.88
SHIP_9,2024-11-27 15:53:26.262982,2024-11-27 19:53:26.262982,4992.65,CRANE_3,139.06
SHIP_10,2024-12-03 06:23:03.262982,2024-12-03 10:23:03.262982,3408.74,CRANE_4,119.38
SHIP_11,2024-11-26 14:03:30.262982,2024-11-26 16:03:30.262982,2188.36,CRANE_5,65.26
SHIP_12,2024-11-25 06:49:01.262982,2024-11-25 11:49:01.262982,1790.8,CRANE_6,144.41
SHIP_1,2024-11-16 19:01:24.262982,2024-11-17 00:01:24.262982,1144.43,CRANE_1,205.7
SHIP_2,2024-11-27 18:54:59.262982,2024-11-28 04:54:59.262982,1266.57,CRANE_2,189.08
SHIP_3,2024-12-03 23:41:29.262982,2024-12-04 05:41:29.262982,4439.56,CRANE_3,176.18
SHIP_4,2024-11-28 12:42:39.262982,2024-11-28 14:42:39.262982,2104.88,CRANE_4,73.93
SHIP_5,2024-12-01 17:35:58.262982,2024-12-01 18:35:58.262982,1681.89,CRANE_5,142.73
SHIP_6,2024-12-08 12:16:26.262982,2024-12-08 14:16:26.262982,3938.42,CRANE_6,80.04
SHIP_7,2024-12-06 02:00:06.262982,2024-12-06 06:00:06.262982,2147.04,CRANE_1,105.49
SHIP_8,2024-11-15 01:44:37.262982,2024-11-15 04:44:37.262982,3183.19,CRANE_2,143.06
SHIP_9,2024-11-26 16:27:12.262982,2024-11-27 00:27:12.262982,2885.52,CRANE_3,226.63
SHIP_10,2024-12-06 07:35:08.262982,2024-12-06 18:35:08.262982,2847.38,CRANE_4,145.14
SHIP_11,2024-11-20 19:33:20.262982,2024-11-20 20:33:20.262982,3351.62,CRANE_5,199.8
SHIP_12,2024-12-05 02:29:26.262982,2024-12-05 11:29:26.262982,1287.91,CRANE_6,133.77
SHIP_1,2024-12-04 12:52:58.262982,2024-12-04 21:52:58.262982,3501.71,CRANE_1,70.14
SHIP_2,2024-11-16 00:33:20.262982,2024-11-16 07:33:20.262982,2231.54,CRANE_2,179.88
SHIP_3,2024-11-13 19:15:35.262982,2024-11-14 06:15:35.262982,2398.74,CRANE_3,178.14
SHIP_4,2024-11-20 18:36:37.262982,2024-11-21 01:36:37.262982,2278.76,CRANE_4,203.74
SHIP_5,2024-11-25 23:19:56.262982,2024-11-26 07:19:56.262982,4555.63,CRANE_5,78.36
SHIP_6,2024-11-20 01:03:03.262982,2024-11-20 04:03:03.262982,1503.65,CRANE_6,121.26
SHIP_7,2024-11-23 03:18:55.263980,2024-11-23 06:18:55.263980,1323.99,CRANE_1,157.48
SHIP_8,2024-11-17 07:42:56.263980,2024-11-17 08:42:56.263980,1206.3,CRANE_2,235.28
SHIP_9,2024-11-17 05:03:39.263980,2024-11-17 13:03:39.263980,3164.15,CRANE_3,192.79
SHIP_10,2024-12-04 08:01:34.263980,2024-12-04 11:01:34.263980,2682.7,CRANE_4,124.28
SHIP_11,2024-11-14 00:58:46.263980,2024-11-14 03:58:46.263980,2582.41,CRANE_5,111.76
SHIP_12,2024-12-06 20:43:26.263980,2024-12-06 23:43:26.263980,2048.8,CRANE_6,175.59
SHIP_1,2024-11-13 08:42:09.263980,2024-11-13 09:42:09.263980,3647.64,CRANE_1,133.98
SHIP_2,2024-11-23 07:18:35.263980,2024-11-23 18:18:35.263980,1380.88,CRANE_2,78.95
SHIP_3,2024-11-28 10:42:14.263980,2024-11-28 13:42:14.263980,2657.28,CRANE_3,107.83
SHIP_4,2024-12-04 09:27:06.263980,2024-12-04 19:27:06.263980,4098.56,CRANE_4,211.49
SHIP_5,2024-11-28 09:19:25.263980,2024-11-28 17:19:25.263980,1581.66,CRANE_5,122.09
SHIP_6,2024-12-01 05:47:41.263980,2024-12-01 11:47:41.263980,2080.07,CRANE_6,74.21
SHIP_7,2024-11-14 13:20:31.263980,2024-11-14 19:20:31.263980,2028.08,CRANE_1,140.61
SHIP_8,2024-12-05 11:04:03.263980,2024-12-05 12:04:03.263980,4115.6,CRANE_2,66.46
SHIP_9,2024-12-08 11:08:05.263980,2024-12-08 14:08:05.263980,1754.88,CRANE_3,79.51
SHIP_10,2024-11-18 13:40:44.263980,2024-11-18 19:40:44.263980,4056.9,CRANE_4,60.35
SHIP_11,2024-12-01 18:46:39.263980,2024-12-01 19:46:39.263980,4389.72,CRANE_5,97.97
SHIP_12,2024-11-29 05:58:28.263980,2024-11-29 10:58:28.263980,2291.76,CRANE_6,108.26
SHIP_1,2024-11-27 08:55:47.263980,2024-11-27 11:55:47.263980,1799.57,CRANE_1,131.56
SHIP_2,2024-12-10 17:50:14.263980,2024-12-10 21:50:14.263980,2153.91,CRANE_2,66.43
SHIP_3,2024-11-28 07:47:05.263980,2024-11-28 14:47:05.263980,2558.35,CRANE_3,111.65
SHIP_4,2024-11-23 18:24:46.263980,2024-11-23 19:24:46.263980,2049.16,CRANE_4,68.06
SHIP_5,2024-11-20 21:21:12.263980,2024-11-20 23:21:12.263980,2489.2,CRANE_5,165.2
SHIP_6,2024-11-19 16:46:09.263980,2024-11-19 21:46:09.263980,1673.86,CRANE_6,182.93
SHIP_7,2024-11-13 19:10:25.263980,2024-11-14 02:10:25.263980,3912.98,CRANE_1,227.55
SHIP_8,2024-11-20 08:08:07.263980,2024-11-20 12:08:07.263980,4714.55,CRANE_2,165.41
SHIP_9,2024-11-27 01:42:09.263980,2024-11-27 10:42:09.263980,4528.66,CRANE_3,139.79
SHIP_10,2024-12-01 05:46:12.263980,2024-12-01 16:46:12.263980,3911.86,CRANE_4,113.24
SHIP_11,2024-11-26 10:29:14.263980,2024-11-26 17:29:14.263980,2366.96,CRANE_5,206.64
SHIP_12,2024-11-17 13:48:44.263980,2024-11-18 00:48:44.263980,3914.72,CRANE_6,218.66
SHIP_1,2024-11-16 14:14:31.263980,2024-11-16 17:14:31.263980,4260.73,CRANE_1,77.39
SHIP_2,2024-11-16 06:42:59.263980,2024-11-16 11:42:59.263980,2912.0,CRANE_2,136.43
SHIP_3,2024-12-07 15:03:45.263980,2024-12-07 23:03:45.263980,4369.03,CRANE_3,174.18
SHIP_4,2024-11-15 04:06:44.263980,2024-11-15 11:06:44.263980,1652.05,CRANE_4,227.92
SHIP_5,2024-11-12 11:44:49.263980,2024-11-12 14:44:49.263980,2565.74,CRANE_5,134.29
SHIP_6,2024-12-06 23:35:51.263980,2024-12-07 05:35:51.263980,3459.55,CRANE_6,60.51
SHIP_7,2024-11-27 15:06:14.263980,2024-11-27 22:06:14.263980,1463.47,CRANE_1,214.66
SHIP_8,2024-12-08 13:37:50.263980,2024-12-08 14:37:50.263980,2483.67,CRANE_2,84.66
SHIP_9,2024-12-04 14:22:58.263980,2024-12-04 16:22:58.263980,3129.76,CRANE_3,161.34
SHIP_10,2024-12-01 05:54:06.263980,2024-12-01 09:54:06.263980,4333.71,CRANE_4,153.92
SHIP_11,2024-12-05 01:28:30.263980,2024-12-05 09:28:30.263980,4595.32,CRANE_5,157.42
SHIP_12,2024-12-05 11:24:06.263980,2024-12-05 21:24:06.263980,3619.26,CRANE_6,184.46
SHIP_1,2024-11-12 19:36:28.263980,2024-11-13 04:36:28.263980,2654.1,CRANE_1,138.02
SHIP_2,2024-11-29 05:17:46.263980,2024-11-29 15:17:46.263980,4225.69,CRANE_2,90.56
SHIP_3,2024-11-17 18:52:58.263980,2024-11-18 04:52:58.263980,2280.11,CRANE_3,238.66
SHIP_4,2024-11-12 12:52:34.263980,2024-11-12 22:52:34.263980,2336.93,CRANE_4,156.47
SHIP_5,2024-11-16 11:22:38.263980,2024-11-16 16:22:38.263980,1844.76,CRANE_5,142.94
SHIP_6,2024-11-22 21:59:00.263980,2024-11-23 07:59:00.263980,3631.15,CRANE_6,161.0
SHIP_7,2024-11-29 23:45:34.263980,2024-11-30 07:45:34.263980,2144.73,CRANE_1,142.28
SHIP_8,2024-11-30 22:50:36.263980,2024-12-01 06:50:36.263980,3066.06,CRANE_2,125.3
SHIP_9,2024-11-14 21:24:47.263980,2024-11-14 23:24:47.263980,2573.0,CRANE_3,64.61
SHIP_10,2024-11-17 10:56:47.263980,2024-11-17 21:56:47.263980,1688.09,CRANE_4,219.62
SHIP_11,2024-11-15 03:50:28.263980,2024-11-15 07:50:28.263980,2769.0,CRANE_5,165.71
SHIP_12,2024-11-23 16:18:54.263980,2024-11-23 17:18:54.263980,3688.66,CRANE_6,152.65
SHIP_1,2024-11-21 06:24:28.263980,2024-11-21 15:24:28.263980,4061.27,CRANE_1,93.85
SHIP_2,2024-12-03 04:35:46.263980,2024-12-03 11:35:46.263980,2972.7,CRANE_2,166.22
SHIP_3,2024-11-18 06:12:50.263980,2024-11-18 13:12:50.263980,4774.71,CRANE_3,183.79
SHIP_4,2024-11-16 01:40:31.263980,2024-11-16 10:40:31.263980,4006.62,CRANE_4,143.05
SHIP_5,2024-11-21 05:39:12.263980,2024-11-21 10:39:12.263980,1906.51,CRANE_5,71.75
SHIP_6,2024-12-07 19:38:21.263980,2024-12-08 06:38:21.263980,1236.31,CRANE_6,88.69
SHIP_7,2024-11-20 18:12:44.263980,2024-11-21 05:12:44.263980,1180.32,CRANE_1,188.12
SHIP_8,2024-11-25 17:13:32.263980,2024-11-26 01:13:32.263980,4112.76,CRANE_2,177.86
SHIP_9,2024-11-28 04:29:24.263980,2024-11-28 13:29:24.263980,4732.23,CRANE_3,210.75
SHIP_10,2024-12-08 20:29:07.263980,2024-12-09 00:29:07.263980,4055.0,CRANE_4,136.13
SHIP_11,2024-12-07 02:14:07.263980,2024-12-07 13:14:07.263980,2785.22,CRANE_5,209.2
SHIP_12,2024-11-19 13:54:01.263980,2024-11-19 14:54:01.263980,3938.44,CRANE_6,77.04
SHIP_1,2024-11-15 12:43:41.263980,2024-11-15 21:43:41.263980,3157.3,CRANE_1,193.13
SHIP_2,2024-11-28 16:51:01.263980,2024-11-28 19:51:01.263980,1094.8,CRANE_2,132.57
SHIP_3,2024-12-02 18:39:48.263980,2024-12-03 02:39:48.263980,2013.94,CRANE_3,197.7
SHIP_4,2024-12-06 20:29:05.263980,2024-12-07 04:29:05.263980,3011.95,CRANE_4,223.1
SHIP_5,2024-11-16 02:37:46.264977,2024-11-16 06:37:46.264977,4415.2,CRANE_5,131.82
SHIP_6,2024-12-01 16:59:21.264977,2024-12-02 01:59:21.264977,2259.89,CRANE_6,152.19
SHIP_7,2024-12-06 22:29:31.264977,2024-12-07 09:29:31.264977,2110.82,CRANE_1,220.73
SHIP_8,2024-11-16 08:00:47.264977,2024-11-16 15:00:47.264977,3175.03,CRANE_2,140.03
SHIP_9,2024-11-17 22:09:30.264977,2024-11-18 05:09:30.264977,2227.44,CRANE_3,72.8
SHIP_10,2024-11-27 19:34:10.264977,2024-11-27 22:34:10.264977,3726.65,CRANE_4,94.28
SHIP_11,2024-11-22 22:31:34.264977,2024-11-23 01:31:34.264977,2750.39,CRANE_5,101.28
SHIP_12,2024-11-19 23:51:28.264977,2024-11-20 10:51:28.264977,3375.08,CRANE_6,60.77
SHIP_1,2024-12-01 10:43:12.264977,2024-12-01 19:43:12.264977,2006.38,CRANE_1,120.05
SHIP_2,2024-11-14 09:17:53.264977,2024-11-14 16:17:53.264977,4124.23,CRANE_2,101.05
SHIP_3,2024-11-22 09:30:57.264977,2024-11-22 16:30:57.264977,3530.41,CRANE_3,118.85
SHIP_4,2024-12-06 11:08:40.264977,2024-12-06 13:08:40.264977,1340.99,CRANE_4,133.98
SHIP_5,2024-12-09 10:51:25.264977,2024-12-09 11:51:25.264977,4178.37,CRANE_5,146.45
SHIP_6,2024-11-12 00:12:38.264977,2024-11-12 05:12:38.264977,1438.18,CRANE_6,202.66
SHIP_7,2024-11-15 05:14:10.264977,2024-11-15 14:14:10.264977,3098.17,CRANE_1,83.88
SHIP_8,2024-11-16 11:05:48.264977,2024-11-16 13:05:48.264977,4105.51,CRANE_2,115.82
SHIP_9,2024-11-22 17:19:26.264977,2024-11-22 23:19:26.264977,2981.1,CRANE_3,151.43
SHIP_10,2024-12-06 22:10:30.264977,2024-12-07 00:10:30.264977,3550.24,CRANE_4,68.43
SHIP_11,2024-11-22 10:52:50.264977,2024-11-22 14:52:50.264977,3340.55,CRANE_5,214.46
SHIP_12,2024-12-02 22:00:12.264977,2024-12-03 05:00:12.264977,4125.68,CRANE_6,221.32
SHIP_1,2024-11-14 18:58:51.264977,2024-11-14 19:58:51.264977,3117.71,CRANE_1,123.23
SHIP_2,2024-12-05 18:44:41.264977,2024-12-05 20:44:41.264977,3664.96,CRANE_2,68.93
SHIP_3,2024-11-25 10:13:11.264977,2024-11-25 17:13:11.264977,1612.45,CRANE_3,65.28
SHIP_4,2024-11-18 12:43:22.264977,2024-11-18 21:43:22.264977,1655.05,CRANE_4,87.63
SHIP_5,2024-11-14 03:07:08.264977,2024-11-14 12:07:08.264977,2652.17,CRANE_5,214.35
SHIP_6,2024-12-09 13:01:43.264977,2024-12-09 22:01:43.264977,4712.96,CRANE_6,159.01
SHIP_7,2024-11-19 14:45:24.264977,2024-11-19 18:45:24.264977,1211.66,CRANE_1,109.07
SHIP_8,2024-12-09 03:03:57.264977,2024-12-09 07:03:57.264977,3597.23,CRANE_2,104.79
SHIP_9,2024-12-08 21:49:51.264977,2024-12-08 23:49:51.264977,4677.43,CRANE_3,188.98
SHIP_10,2024-12-02 09:09:28.264977,2024-12-02 15:09:28.264977,4612.41,CRANE_4,191.83
SHIP_11,2024-12-06 10:51:59.264977,2024-12-06 16:51:59.264977,2805.52,CRANE_5,161.61
SHIP_12,2024-11-23 12:10:11.264977,2024-11-23 19:10:11.264977,1830.98,CRANE_6,231.16
SHIP_1,2024-12-08 07:58:14.264977,2024-12-08 18:58:14.264977,1999.57,CRANE_1,143.21
SHIP_2,2024-11-15 12:14:01.264977,2024-11-15 17:14:01.264977,2955.7,CRANE_2,64.7
SHIP_3,2024-11-24 09:29:19.264977,2024-11-24 13:29:19.264977,1020.95,CRANE_3,116.32
SHIP_4,2024-11-15 03:10:51.264977,2024-11-15 07:10:51.264977,1021.88,CRANE_4,107.79
SHIP_5,2024-11-27 16:00:17.264977,2024-11-27 21:00:17.264977,1449.21,CRANE_5,104.88
SHIP_6,2024-12-10 03:14:50.264977,2024-12-10 10:14:50.264977,2507.05,CRANE_6,133.45
SHIP_7,2024-11-12 21:54:46.264977,2024-11-13 03:54:46.264977,1699.9,CRANE_1,229.24
SHIP_8,2024-11-15 01:58:24.264977,2024-11-15 12:58:24.264977,4370.6,CRANE_2,181.68
SHIP_9,2024-11-15 06:27:21.264977,2024-11-15 17:27:21.264977,2113.99,CRANE_3,80.91
SHIP_10,2024-12-01 16:25:28.264977,2024-12-01 23:25:28.264977,3665.07,CRANE_4,165.84
SHIP_11,2024-12-06 13:38:48.264977,2024-12-06 14:38:48.264977,1827.99,CRANE_5,214.53
SHIP_12,2024-12-09 19:09:59.264977,2024-12-10 01:09:59.264977,1224.92,CRANE_6,89.51
SHIP_1,2024-11-28 05:35:45.264977,2024-11-28 16:35:45.264977,3773.1,CRANE_1,148.99
SHIP_2,2024-12-08 00:42:14.264977,2024-12-08 02:42:14.264977,4861.64,CRANE_2,162.44
SHIP_3,2024-11-12 08:09:57.264977,2024-11-12 12:09:57.264977,2084.39,CRANE_3,171.98
SHIP_4,2024-11-20 13:24:55.264977,2024-11-20 23:24:55.264977,4405.63,CRANE_4,128.19
SHIP_5,2024-12-05 19:49:33.264977,2024-12-06 01:49:33.264977,1556.25,CRANE_5,167.23
SHIP_6,2024-12-01 01:45:50.264977,2024-12-01 11:45:50.264977,4105.84,CRANE_6,74.38
SHIP_7,2024-11-28 06:19:31.264977,2024-11-28 16:19:31.264977,4392.55,CRANE_1,160.86
SHIP_8,2024-12-04 10:55:58.264977,2024-12-04 19:55:58.264977,2963.23,CRANE_2,211.92
SHIP_9,2024-12-03 00:53:01.264977,2024-12-03 06:53:01.264977,4044.35,CRANE_3,170.37
SHIP_10,2024-11-15 07:20:50.264977,2024-11-15 13:20:50.264977,1612.24,CRANE_4,86.86
SHIP_11,2024-11-19 05:37:28.264977,2024-11-19 13:37:28.264977,4118.43,CRANE_5,103.24
SHIP_12,2024-12-02 01:10:53.264977,2024-12-02 06:10:53.264977,3030.95,CRANE_6,230.17
SHIP_1,2024-12-04 02:36:05.264977,2024-12-04 12:36:05.264977,3620.67,CRANE_1,212.46
SHIP_2,2024-12-02 09:23:55.264977,2024-12-02 18:23:55.264977,3967.44,CRANE_2,210.2
SHIP_3,2024-11-12 20:02:58.264977,2024-11-13 06:02:58.264977,1593.64,CRANE_3,101.71
SHIP_4,2024-11-30 00:46:58.264977,2024-11-30 11:46:58.264977,2954.74,CRANE_4,81.79
SHIP_5,2024-11-24 20:44:56.264977,2024-11-24 21:44:56.264977,4143.37,CRANE_5,238.36
SHIP_6,2024-11-14 07:39:15.264977,2024-11-14 16:39:15.264977,4354.84,CRANE_6,175.39
SHIP_7,2024-11-26 14:26:09.265975,2024-11-26 23:26:09.265975,3240.04,CRANE_1,72.25
SHIP_8,2024-11-20 03:06:01.265975,2024-11-20 12:06:01.265975,3816.98,CRANE_2,74.15
SHIP_9,2024-11-13 14:32:12.265975,2024-11-13 15:32:12.265975,1341.76,CRANE_3,96.62
SHIP_10,2024-11-14 12:10:38.265975,2024-11-14 14:10:38.265975,4174.75,CRANE_4,231.36
SHIP_11,2024-11-12 12:57:38.265975,2024-11-12 17:57:38.265975,3197.34,CRANE_5,213.56
SHIP_12,2024-11-20 14:43:25.265975,2024-11-20 22:43:25.265975,1544.41,CRANE_6,150.21
SHIP_1,2024-12-05 07:24:14.265975,2024-12-05 10:24:14.265975,1134.25,CRANE_1,110.76
SHIP_2,2024-12-10 23:03:25.265975,2024-12-11 08:03:25.265975,1209.49,CRANE_2,60.7
SHIP_3,2024-12-07 20:13:56.265975,2024-12-08 01:13:56.265975,2486.45,CRANE_3,224.67
SHIP_4,2024-11-25 14:57:56.265975,2024-11-25 16:57:56.265975,1951.02,CRANE_4,186.3
SHIP_5,2024-11-22 07:49:53.265975,2024-11-22 17:49:53.265975,4896.24,CRANE_5,167.13
SHIP_6,2024-11-29 13:00:40.265975,2024-11-29 18:00:40.265975,2492.11,CRANE_6,202.17
SHIP_7,2024-11-13 14:17:58.265975,2024-11-13 17:17:58.265975,1070.74,CRANE_1,174.39
SHIP_8,2024-11-29 12:24:29.265975,2024-11-29 15:24:29.265975,2638.67,CRANE_2,232.38
SHIP_9,2024-11-16 06:12:18.265975,2024-11-16 11:12:18.265975,4688.44,CRANE_3,159.4
SHIP_10,2024-11-29 18:18:00.265975,2024-11-30 00:18:00.265975,4420.77,CRANE_4,196.92
SHIP_11,2024-12-09 23:36:29.265975,2024-12-10 02:36:29.265975,4522.39,CRANE_5,226.12
SHIP_12,2024-11-24 10:25:51.265975,2024-11-24 21:25:51.265975,4993.47,CRANE_6,230.13
SHIP_1,2024-11-16 07:54:30.265975,2024-11-16 12:54:30.265975,3394.15,CRANE_1,239.86
SHIP_2,2024-12-05 09:29:01.265975,2024-12-05 11:29:01.265975,1220.81,CRANE_2,89.14
SHIP_3,2024-11-26 05:29:11.265975,2024-11-26 16:29:11.265975,3912.12,CRANE_3,98.14
SHIP_4,2024-12-09 10:12:18.265975,2024-12-09 17:12:18.265975,1911.25,CRANE_4,236.55
